Pathway(Queried),count,SystematicName,Disease,Genetic_Interaction,GO_CC,GO_MF,GO_BP,Mutant_Phenotype,Physical_Interaction,Transcriptional_Regulation,Pathway,Protein_Domain
2-ketoglutarate dehydrogenase complex,3,"['YDR148C', 'YFL018C', 'YIL125W']",,,"['mitochondrial nucleoid', 'mitochondrial oxoglutarate dehydrogenase complex', 'oxoglutarate dehydrogenase complex']",['oxoglutarate dehydrogenase (succinyl-transferring) activity'],['2-oxoglutarate metabolic process'],,"['KGD2', 'YMR31', 'KGD1']",,"['TCA cycle, aerobic respiration']",
4-aminobutyrate degradation,2,"['YBR006W', 'YGR019W']",,,,,['gamma-aminobutyric acid catabolic process'],,,"['HCM1', 'DAL81']",['glutamate degradation I'],
<i>myo</i>-inositol biosynthesis,3,"['YDR287W', 'YHR046C', 'YJL153C']",,,,"['inositol monophosphate 1-phosphatase activity', 'inositol monophosphate 3-phosphatase activity', 'inositol monophosphate 4-phosphatase activity', 'inositol monophosphate phosphatase activity']","['inositol biosynthetic process', 'inositol metabolic process', 'inositol phosphate dephosphorylation', 'phosphatidylinositol phosphorylation']",,,,,['Inositol monophosphatase family']
CDP-diacylglycerol biosynthesis,1,['YBR029C'],,,,,,,,,,
L-serine degradation,1,['YCL064C'],,,,,,,,,,
NAD salvage pathway,6,"['YDL042C', 'YGL037C', 'YGR010W', 'YHR074W', 'YLR328W', 'YOR209C']",,,,"['nicotinamide-nucleotide adenylyltransferase activity', 'nicotinate-nucleotide adenylyltransferase activity']","['NAD biosynthetic process', 'chromatin silencing at rDNA', 'chromatin silencing at telomere', 'negative regulation of DNA amplification', 'nicotinate nucleotide salvage', 'pyridine nucleotide biosynthetic process']","['chemical compound excretion: decreased', 'toxin resistance: increased']",,,"['de novo NAD biosynthesis', 'nicotinamide riboside salvage pathway I']",
S-adenosylmethionine biosynthesis,2,"['YDR502C', 'YLR180W']",,,,['methionine adenosyltransferase activity'],"['S-adenosylmethionine biosynthetic process', 'methionine metabolic process', 'one-carbon metabolic process']",,,,['S-adenosylmethionine cycle'],"['S-adenosylmethionine synthetase, N-terminal domain', 'S-adenosylmethionine synthetase, central domain', 'S-adenosylmethionine synthetase, C-terminal domain']"
S-adenosylmethionine cycle,4,"['YDR502C', 'YER043C', 'YER091C', 'YLR180W']",,,,['methionine adenosyltransferase activity'],"['S-adenosylmethionine biosynthetic process', 'methionine metabolic process', 'one-carbon metabolic process']",,,,['S-adenosylmethionine biosynthesis'],"['S-adenosylmethionine synthetase, N-terminal domain', 'S-adenosylmethionine synthetase, central domain', 'S-adenosylmethionine synthetase, C-terminal domain']"
"TCA cycle, aerobic respiration",22,"['YBR218C', 'YCR005C', 'YDL078C', 'YDR148C', 'YDR178W', 'YFL018C', 'YGL062W', 'YGR244C', 'YIL125W', 'YJL200C', 'YKL085W', 'YKL141W', 'YKL148C', 'YLL041C', 'YLR304C', 'YNL037C', 'YNR001C', 'YOL126C', 'YOR136W', 'YOR142W', 'YPL262W', 'YPR001W']","['early infantile epileptic encephalopathy', 'mitochondrial complex II deficiency', 'neurodegenerative disease', 'paraganglioma']","['GCV3', 'ACH1', 'ATP1', 'PDB1', 'CTP1', 'CIT2', 'ELO2', 'PHO87', 'IDP1', 'YFH1', 'LYS20', 'LYS4', 'FCY21', 'ICL1', 'ALD5', 'PDA1', 'BNA6', 'LEU1', 'FOL2', 'LEU5', 'HTD2', 'DCD1', 'LYS12', 'UTR1', 'SFC1', 'MAE1', 'IDP2', 'CDC42', 'HFA1', 'IDH1', 'CIT1', 'RIB2', 'RTG1', 'MDH2', 'IDH2', 'FUM1', 'DIP5']","['mitochondrial isocitrate dehydrogenase complex (NAD+)', 'mitochondrial matrix', 'mitochondrial nucleoid', 'mitochondrial oxoglutarate dehydrogenase complex', 'mitochondrial respiratory chain complex II, succinate dehydrogenase complex (ubiquinone)', 'mitochondrion', 'oxoglutarate dehydrogenase complex']","['4 iron, 4 sulfur cluster binding', 'L-malate dehydrogenase activity', 'aconitate hydratase activity', 'biotin binding', 'catalytic activity', 'citrate (Si)-synthase activity', 'electron carrier activity', 'isocitrate dehydrogenase (NAD+) activity', 'malate dehydrogenase activity', 'metal ion binding', 'oxidoreductase activity', 'oxidoreductase activity, acting on the CH-OH group of donors, NAD or NADP as acceptor', 'oxoglutarate dehydrogenase (succinyl-transferring) activity', 'pyruvate carboxylase activity', 'quinone binding', 'succinate dehydrogenase (ubiquinone) activity', 'succinate dehydrogenase activity', 'succinate-CoA ligase (ADP-forming) activity', 'succinate-CoA ligase (GDP-forming) activity', 'transferase activity, transferring acyl groups, acyl groups converted into alkyl on transfer']","['2-oxoglutarate metabolic process', 'carbohydrate metabolic process', 'carboxylic acid metabolic process', 'cellular respiration', 'citrate metabolic process', 'gluconeogenesis', 'malate metabolic process', 'mitochondrial electron transport, succinate to ubiquinone', 'pyruvate metabolic process', 'succinyl-CoA metabolic process', 'tricarboxylic acid cycle']","['chronological lifespan: decreased', 'protein/peptide accumulation: increased', 'respiratory growth: absent', 'respiratory growth: decreased', 'respiratory growth: decreased rate', 'sporulation efficiency: decreased', 'survival rate in stationary phase: decreased', 'survival rate in stationary phase: increased', 'utilization of carbon source: absent', 'utilization of carbon source: decreased', 'utilization of nitrogen source: decreased rate']","['PTC6', 'SDH4', 'YMR31', 'MIC60']","['RTG3', 'SPT3', 'BUR6', 'SUA7']","['2-ketoglutarate dehydrogenase complex', 'aerobic respiration, electron transport chain', 'aspartate biosynthesis', 'gluconeogenesis', 'glyoxylate cycle']","['lactate/malate dehydrogenase, NAD binding domain', 'Citrate synthase, C-terminal domain', 'Biotin-requiring enzyme', 'CoA-ligase', 'Conserved carboxylase domain', 'lactate/malate dehydrogenase, alpha/beta C-terminal domain']"
UDP-N-acetylglucosamine biosynthesis,4,"['YDL103C', 'YEL058W', 'YFL017C', 'YKL104C']",,,,,['UDP-N-acetylglucosamine biosynthetic process'],,,,,
acetate utilization,2,"['YAL054C', 'YLR153C']",,,,"['AMP binding', 'acetate-CoA ligase activity', 'acid-ammonia (or amide) ligase activity']","['acetyl-CoA biosynthetic process', 'acetyl-CoA biosynthetic process from acetate']",,,,['ethanol degradation'],"['AMP-binding enzyme', 'AMP-binding enzyme C-terminal domain', 'Acetyl-coenzyme A synthetase N-terminus']"
acetoin biosynthesis,3,"['YAL060W', 'YCL009C', 'YMR108W']",,,['acetolactate synthase complex'],['acetolactate synthase activity'],['valine biosynthetic process'],,,,"['isoleucine biosynthesis', 'valine biosynthesis']",
acetoin biosynthesis II,3,"['YGR087C', 'YLR044C', 'YLR134W']",,['MTH1'],,"['branched-chain-2-oxoacid decarboxylase activity', 'carboxy-lyase activity', 'indolepyruvate decarboxylase activity', 'lyase activity', 'magnesium ion binding', 'phenylpyruvate decarboxylase activity', 'pyruvate decarboxylase activity', 'thiamine pyrophosphate binding']","['L-phenylalanine catabolic process', 'amino acid catabolic process via Ehrlich pathway', 'aromatic amino acid family catabolic process to alcohol via Ehrlich pathway', 'branched-chain amino acid catabolic process', 'glycolytic fermentation to ethanol', 'pyruvate metabolic process', 'tryptophan catabolic process']",,,"['TUP1', 'PDC2', 'SIN4', 'SPT20']","['isoleucine degradation', 'phenylalanine degradation', 'superpathway of glucose fermentation', 'tryptophan degradation', 'valine degradation']","['Thiamine pyrophosphate enzyme, central domain', 'Thiamine pyrophosphate enzyme, C-terminal TPP binding domain', 'Thiamine pyrophosphate enzyme, N-terminal TPP binding domain']"
"aerobic respiration, electron transport chain",26,"['Q0045', 'Q0105', 'Q0250', 'Q0275', 'YBL045C', 'YDL067C', 'YDR178W', 'YDR529C', 'YEL024W', 'YFR033C', 'YGL187C', 'YGL191W', 'YGR183C', 'YHR001W-A', 'YHR051W', 'YJL166W', 'YKL141W', 'YKL148C', 'YLL041C', 'YLR038C', 'YLR395C', 'YML120C', 'YMR256C', 'YNL052W', 'YOR065W', 'YPR191W']",['paraganglioma'],"['ATP1', 'RBK1', 'GUD1', 'ATP5', 'TIM11', 'ATP17', 'EMI1', 'FCY21', 'TMT1', 'QCR6', 'LEU1', 'COQ8', 'STR3', 'RPL26B', 'SKN1', 'QCR9', 'LSC2', 'PAN5', 'LAM1', 'VID28', 'FYV10', 'COX5B', 'SDH9', 'NIT2', 'YUR1', 'UTR1', 'TOR1', 'ATP2', 'SOR1', 'RMA1', 'SDH3', 'MIA40', 'ATP14', 'DIC1', 'ATP10', 'ATP18', 'AIM33', 'ADH3', 'AEP2', 'PHO23', 'SIP3', 'ATP11', 'ATP23', 'IAH1', 'ALD4', 'SUR1', 'PXA1', 'COA2', 'GUP2', 'FUM1', 'ARO7', 'SPE3', 'SIP5']","['integral component of membrane', 'membrane', 'mitochondrial inner membrane', 'mitochondrial respiratory chain complex II, succinate dehydrogenase complex (ubiquinone)', 'mitochondrial respiratory chain complex III', 'mitochondrial respiratory chain complex IV', 'mitochondrion', 'respiratory chain', 'respiratory chain complex IV']","['cytochrome-c oxidase activity', 'electron carrier activity', 'metal ion binding', 'oxidoreductase activity', 'succinate dehydrogenase (ubiquinone) activity', 'ubiquinol-cytochrome-c reductase activity']","['aerobic respiration', 'cellular respiration', 'electron transport chain', 'hydrogen ion transmembrane transport', 'mitochondrial electron transport, cytochrome c to oxygen', 'mitochondrial electron transport, succinate to ubiquinone', 'mitochondrial electron transport, ubiquinol to cytochrome c', 'oxidative phosphorylation', 'respiratory electron transport chain', 'tricarboxylic acid cycle']","['chronological lifespan: decreased', 'desiccation resistance: decreased', 'oxidative stress resistance: decreased', 'respiratory growth: absent', 'respiratory growth: decreased rate', 'sporulation efficiency: decreased', 'survival rate in stationary phase: decreased', 'toxin resistance: increased', 'utilization of carbon source: absent', 'utilization of carbon source: decreased', 'utilization of carbon source: decreased rate', 'utilization of nitrogen source: decreased rate']","['COX1', 'COB', 'COX2', 'PET9', 'COR1', 'TCM62', 'COX9', 'SDH4', 'COX20', 'BCS1', 'QCR7', 'RIP1', 'OXA1', 'COX4', 'COX13', 'TIM21', 'SHY1', 'CBP4', 'QCR9', 'PET54', 'COX6', 'COA1', 'COA3', 'QCR8', 'CYC1', 'MIC60', 'MSS51', 'COX8', 'RCF1', 'COX14', 'COX7', 'COX5A', 'BXI1', 'TIM23', 'RCF2', 'MDM38', 'CYT1', 'COX11', 'CBP3', 'QCR2', 'COX3', 'QCR6', 'COX5B', 'COX12']","['HAP4', 'HAP1']","['TCA cycle, aerobic respiration']",
alanine biosynthesis,1,['YLR089C'],,,,,,,,,,
alanine degradation,1,['YLR089C'],,,,,,,,,,
allantoin degradation,4,"['YBR208C', 'YIR027C', 'YIR029W', 'YIR032C']",,,,,"['allantoin catabolic process', 'purine nucleobase metabolic process']",,,,,
arginine biosynthesis,10,"['YER069W', 'YHR018C', 'YJL071W', 'YJL088W', 'YJL130C', 'YJR109C', 'YMR062C', 'YOL058W', 'YOL140W', 'YOR303W']",,"['CAN1', 'GAP1', 'ALP1', 'TAZ1']",['carbamoyl-phosphate synthase complex'],"['acetyl-CoA:L-glutamate N-acetyltransferase activity', 'acetylglutamate kinase activity', 'amino acid binding', 'arginine binding', 'aspartate carbamoyltransferase activity', 'carbamoyl-phosphate synthase (glutamine-hydrolyzing) activity', 'carboxyl- or carbamoyltransferase activity', 'catalytic activity', 'dihydroorotase activity', 'ligase activity', 'methione N-acyltransferase activity']","[""'de novo' pyrimidine nucleobase biosynthetic process"", 'UTP biosynthetic process', 'arginine biosynthetic process', 'arginine biosynthetic process via ornithine', 'cellular amino acid biosynthetic process', 'citrulline biosynthetic process', 'nitrogen compound metabolic process', 'ornithine biosynthetic process']","['auxotrophy', 'toxin resistance: increased', 'utilization of nitrogen source: absent']",,"['RTG3', 'GCN4', 'ARG81', 'ARG80']","['citrulline biosynthesis', 'de novo biosynthesis of pyrimidine ribonucleotides']","['Aspartate/ornithine carbamoyltransferase, Asp/Orn binding domain', 'Carbamoyl-phosphate synthase small chain, CPSase domain', 'MGS-like domain', 'Aspartate/ornithine carbamoyltransferase, carbamoyl-P binding domain', 'Carbamoyl-phosphate synthetase large chain, oligomerisation domain', 'NAT, N-acetyltransferase, of N-acetylglutamate synthase']"
arginine degradation (anaerobic),3,"['YER023W', 'YLR438W', 'YPL111W']",,,,,['L-proline biosynthetic process'],,,"['ARG81', 'ARG80']",,
asparagine biosynthesis,4,"['YGR124W', 'YKL106W', 'YLR027C', 'YPR145W']",,,,"['L-aspartate:2-oxoglutarate aminotransferase activity', 'asparagine synthase (glutamine-hydrolyzing) activity']","['L-asparagine biosynthetic process', 'asparagine biosynthetic process']",,,,"['asparagine degradation', 'aspartate biosynthesis']","['Asparagine synthase', 'Glutamine amidotransferase domain']"
asparagine degradation,7,"['YDR321W', 'YKL106W', 'YLR027C', 'YLR155C', 'YLR157C', 'YLR158C', 'YLR160C']",,,"['cell wall-bounded periplasmic space', 'extracellular region', 'periplasmic space']","['L-aspartate:2-oxoglutarate aminotransferase activity', 'asparaginase activity']","['asparagine catabolic process', 'asparagine metabolic process', 'cellular amino acid metabolic process', 'cellular response to nitrogen starvation']",,,"['NGG1', 'PGD1', 'SRB2']","['asparagine biosynthesis', 'aspartate biosynthesis']","['Asparaginase, N-terminal', 'Glutaminase/Asparaginase C-terminal domain']"
aspartate biosynthesis,4,"['YBR218C', 'YGL062W', 'YKL106W', 'YLR027C']",,['ICL1'],,"['L-aspartate:2-oxoglutarate aminotransferase activity', 'biotin binding', 'catalytic activity', 'pyruvate carboxylase activity']",,,,,"['TCA cycle, aerobic respiration', 'asparagine biosynthesis', 'asparagine degradation', 'gluconeogenesis']","['Aminotransferase class I and II', 'Biotin carboxylase, N-terminal domain', 'Biotin-requiring enzyme', 'HMGL-like', 'Conserved carboxylase domain', 'Biotin carboxylase C-terminal domain', 'Carbamoyl-phosphate synthase L chain, ATP binding domain']"
beta-alanine biosynthesis,3,"['YMR020W', 'YMR169C', 'YMR170C']",,,,"['aldehyde dehydrogenase (NAD) activity', 'glyceraldehyde-3-phosphate dehydrogenase (NAD+) (non-phosphorylating) activity']","['beta-alanine biosynthetic process', 'pantothenate biosynthetic process', 'polyamine catabolic process']",,['ALD2'],,,
biotin biosynthesis,3,"['YGR286C', 'YNR057C', 'YNR058W']",,,,['dethiobiotin synthase activity'],['biotin biosynthetic process'],,,,,
butanediol biosynthesis,1,['YAL060W'],,,,,,,,,,
butanediol degradation,1,['YAL060W'],,,,,,,,,,
carnitine shuttle,3,"['YAR035W', 'YER024W', 'YML042W']",,['CIT2'],,"['carnitine O-acetyltransferase activity', 'transferase activity, transferring acyl groups']","['carnitine metabolic process', 'fatty acid metabolic process']",,,,,['Choline/Carnitine o-acyltransferase']
chitin biosynthesis,3,"['YBR023C', 'YBR038W', 'YNL192W']",,,"['cell septum', 'chitosome']","['chitin synthase activity', 'transferase activity, transferring glycosyl groups', 'transferase activity, transferring hexosyl groups']","['cell wall organization', 'chitin biosynthetic process']",,,,,"['Chitin synthase', 'Chitin synthase N-terminal']"
chitosan biosynthesis,2,"['YLR307W', 'YLR308W']",,,['ascospore-type prospore'],"['chitin binding', 'chitin deacetylase activity', 'hydrolase activity, acting on carbon-nitrogen (but not peptide) bonds']","['chitin catabolic process', 'polysaccharide catabolic process']",,,,,['Polysaccharide deacetylase']
chorismate biosynthesis,4,"['YBR249C', 'YDR035W', 'YDR127W', 'YGL148W']",,,,['3-deoxy-7-phosphoheptulonate synthase activity'],"['aromatic amino acid family biosynthetic process', 'cellular amino acid biosynthetic process', 'chorismate biosynthetic process']",,,['GCN4'],,['DAHP synthetase I family']
citrulline biosynthesis,4,"['YJL088W', 'YJL130C', 'YJR109C', 'YOR303W']",,['TAZ1'],['carbamoyl-phosphate synthase complex'],"['amino acid binding', 'aspartate carbamoyltransferase activity', 'carbamoyl-phosphate synthase (glutamine-hydrolyzing) activity', 'carboxyl- or carbamoyltransferase activity', 'dihydroorotase activity', 'ligase activity']","[""'de novo' pyrimidine nucleobase biosynthetic process"", 'UTP biosynthetic process', 'arginine biosynthetic process', 'cellular amino acid biosynthetic process', 'citrulline biosynthetic process', 'nitrogen compound metabolic process']",,,['GCN4'],"['arginine biosynthesis', 'de novo biosynthesis of pyrimidine ribonucleotides']","['Glutamine amidotransferase class-I', 'Aspartate/ornithine carbamoyltransferase, Asp/Orn binding domain', 'Carbamoyl-phosphate synthase small chain, CPSase domain', 'MGS-like domain', 'Aspartate/ornithine carbamoyltransferase, carbamoyl-P binding domain', 'Carbamoyl-phosphate synthase L chain, ATP binding domain', 'Carbamoyl-phosphate synthetase large chain, oligomerisation domain']"
cysteine biosynthesis from homocysteine,2,"['YAL012W', 'YGR155W']",,['SKP2'],,,"['cysteine biosynthetic process', 'cysteine biosynthetic process via cystathionine', 'transsulfuration']",,,,['cysteine biosynthesis/homocysteine degradation'],
cysteine biosynthesis/homocysteine degradation,2,"['YAL012W', 'YGR155W']",,['SKP2'],,,"['cysteine biosynthetic process', 'cysteine biosynthetic process via cystathionine', 'transsulfuration']",,,,['cysteine biosynthesis from homocysteine'],
de novo NAD biosynthesis,4,"['YFR047C', 'YGR010W', 'YHR074W', 'YLR328W']",,,,"['nicotinamide-nucleotide adenylyltransferase activity', 'nicotinate-nucleotide adenylyltransferase activity']","['NAD biosynthetic process', 'pyridine nucleotide biosynthetic process']",,,,"['NAD salvage pathway', 'nicotinamide riboside salvage pathway I']",
de novo biosynthesis of purine nucleotides,22,"['YAR015W', 'YDR226W', 'YDR408C', 'YDR454C', 'YER070W', 'YER170W', 'YGL234W', 'YGR061C', 'YGR180C', 'YHR216W', 'YIL066C', 'YJL026W', 'YKL067W', 'YLR028C', 'YLR359W', 'YLR432W', 'YML056C', 'YMR120C', 'YMR217W', 'YMR300C', 'YNL220W', 'YOR128C']",,"['ADE1', 'HPT1', 'FCY2', 'ADE4', 'ADE2']","['cytoplasm', 'ribonucleoside-diphosphate reductase complex']","['ATP binding', 'IMP cyclohydrolase activity', 'IMP dehydrogenase activity', 'catalytic activity', 'ligase activity', 'metal ion binding', 'nucleobase-containing compound kinase activity', 'nucleotide binding', 'oxidoreductase activity', 'phosphoribosylaminoimidazolecarboxamide formyltransferase activity', 'phosphotransferase activity, phosphate group as acceptor', 'ribonucleoside-diphosphate reductase activity, thioredoxin disulfide as acceptor']","[""'de novo' AMP biosynthetic process"", ""'de novo' IMP biosynthetic process"", 'ADP biosynthetic process', 'AMP metabolic process', 'GMP biosynthetic process', 'GTP biosynthetic process', 'adenine biosynthetic process', 'deoxyribonucleotide biosynthetic process', 'metabolic process', 'nucleoside triphosphate biosynthetic process', 'nucleotide metabolic process', 'purine nucleotide biosynthetic process']","['auxotrophy', 'colony color: abnormal', 'utilization of nitrogen source: absent']","['RNR1', 'RPN11', 'RPN1', 'RPN10', 'HUG1', 'SSB2', 'NRD1', 'BNI1']","['TUP1', 'PHO2', 'HSF1', 'CST6', 'SPT10', 'BAS1', 'RAP1', 'SPT20', 'GCR1']",['de novo biosynthesis of pyrimidine deoxyribonucleotides'],"['Ribonucleotide reductase, small chain', 'Ribonucleotide reductase, all-alpha domain', 'IMP dehydrogenase / GMP reductase domain', 'CBS domain', 'AICARFT/IMPCHase bienzyme', 'AIR synthase related protein, C-terminal domain', 'Ribonucleotide reductase, barrel domain', 'ATP cone domain', 'Adenylate kinase, active site lid']"
de novo biosynthesis of pyrimidine deoxyribonucleotides,8,"['YBR252W', 'YER070W', 'YGR180C', 'YIL066C', 'YJL026W', 'YJR057W', 'YKL067W', 'YOR074C']",,,['ribonucleoside-diphosphate reductase complex'],"['nucleoside diphosphate kinase activity', 'ribonucleoside-diphosphate reductase activity, thioredoxin disulfide as acceptor']","['DNA replication', 'dTTP biosynthetic process', 'deoxyribonucleotide biosynthetic process', 'nucleoside diphosphate phosphorylation']",['cell cycle progression in S phase: abnormal'],"['RNR1', 'TEM1']",['GLN3'],['de novo biosynthesis of purine nucleotides'],"['Ribonucleotide reductase, small chain', 'Ribonucleotide reductase, all-alpha domain', 'Ribonucleotide reductase, barrel domain', 'ATP cone domain']"
de novo biosynthesis of pyrimidine ribonucleotides,11,"['YBL039C', 'YEL021W', 'YJL130C', 'YJR103W', 'YJR109C', 'YKL024C', 'YKL216W', 'YLR420W', 'YML106W', 'YMR271C', 'YOR303W']",,"['EMI2', 'FUR1', 'LOG1', 'APL1']","['carbamoyl-phosphate synthase complex', 'cytoophidium']","['CTP synthase activity', 'aspartate carbamoyltransferase activity', 'carbamoyl-phosphate synthase (glutamine-hydrolyzing) activity', 'dihydroorotase activity', 'ligase activity', 'orotate phosphoribosyltransferase activity']","[""'de novo' CTP biosynthetic process"", ""'de novo' UMP biosynthetic process"", ""'de novo' pyrimidine nucleobase biosynthetic process"", 'CTP biosynthetic process', 'UMP biosynthetic process', 'UTP biosynthetic process', 'citrulline biosynthetic process', 'glutamine metabolic process', 'nitrogen compound metabolic process', 'pyrimidine nucleobase biosynthetic process', 'pyrimidine nucleotide biosynthetic process', 'pyrimidine ribonucleoside biosynthetic process']",['auxotrophy'],,,"['arginine biosynthesis', 'citrulline biosynthesis']","['Glutamine amidotransferase class-I', 'Carbamoyl-phosphate synthase small chain, CPSase domain', 'MGS-like domain', 'Carbamoyl-phosphate synthetase large chain, oligomerisation domain', 'CTP synthase N-terminus']"
"dehydro-D-arabinono-1,4-lactone biosynthesis",3,"['YBR149W', 'YML086C', 'YMR041C']",,,,['D-arabinose 1-dehydrogenase [NAD(P)+] activity'],"['dehydro-D-arabinono-1,4-lactone biosynthetic process']",,,,,
diphthamide biosynthesis,5,"['YBL071W-A', 'YBR246W', 'YIL103W', 'YKL191W', 'YLR172C']",,['EFT2'],,,['peptidyl-diphthamide biosynthetic process from peptidyl-histidine'],['toxin resistance: increased'],['EFT2'],,,['Putative diphthamide synthesis protein']
dolichyl glucosyl phosphate biosynthesis,4,"['YKL035W', 'YKL127W', 'YMR105C', 'YPL227C']",,['PSK1'],,['phosphoglucomutase activity'],"['UDP-glucose metabolic process', 'galactose catabolic process', 'glucose 1-phosphate metabolic process', 'glucose 6-phosphate metabolic process', 'glycogen biosynthetic process', 'organic substance metabolic process', 'trehalose biosynthetic process']",,,,"['galactose degradation', 'glycogen biosynthesis']","['Phosphoglucomutase/phosphomannomutase, C-terminal domain', 'Phosphoglucomutase/phosphomannomutase, alpha/beta/alpha domain I', 'Phosphoglucomutase/phosphomannomutase, alpha/beta/alpha domain II', 'Phosphoglucomutase/phosphomannomutase, alpha/beta/alpha domain III']"
dolichyl phosphate D-mannose biosynthesis,4,"['YDL055C', 'YER003C', 'YFL045C', 'YPR183W']",,,,,"['GDP-mannose biosynthetic process', 'protein glycosylation']",,,,,
ergosterol biosynthesis,14,"['YGL001C', 'YGL012W', 'YGR060W', 'YGR175C', 'YHR007C', 'YHR072W', 'YHR190W', 'YJL167W', 'YLR056W', 'YLR100W', 'YML008C', 'YMR015C', 'YMR202W', 'YNL280C']",,"['DRS2', 'SND3', 'TRS20', 'MTC4', 'RVS161', 'ELO2', 'CDC50', 'SHR3', 'TRP1', 'IPT1', 'RGP1', 'SUR2', 'ATP5', 'FRQ1', 'YPT31', 'TRP2', 'OLE1', 'GUP1', 'BRR6', 'CHO2', 'ERG11', 'GND1', 'HAL5', 'OPI3', 'STE24', 'ILM1', 'VPH2', 'VPS1', 'YEH2', 'ERG3', 'UPS1', 'ECM22', 'ARV1', 'HMG1', 'ERG13', 'ERG5', 'PKR1', 'ERG2', 'SCS7', 'PRM1', 'GYP1', 'VPS17', 'MDM32', 'SUR1', 'BTS1', 'KES1', 'VMA11', 'SRO7', 'ARO7', 'YPR089W']","['endoplasmic reticulum', 'endoplasmic reticulum membrane', 'lipid particle']","['iron ion binding', 'oxidoreductase activity', 'oxidoreductase activity, acting on the CH-CH group of donors, NAD or NADP as acceptor']","['ergosterol biosynthetic process', 'lipid biosynthetic process', 'lipid metabolic process', 'steroid biosynthetic process', 'steroid metabolic process', 'sterol biosynthetic process']","['auxotrophy', 'mitochondrial morphology: abnormal', 'vegetative growth: normal']","['FAT1', 'ERG28', 'ERG26', 'ERG4', 'ERG25', 'ERG1', 'ERG11', 'ERG7', 'ERG9', 'ERG3', 'ERG27', 'ACF2', 'ERG6', 'ERV25', 'ERG5', 'ERG2', 'ERG24']","['HAP1', 'SFP1']",,
ethanol degradation,8,"['YAL054C', 'YBR145W', 'YGL256W', 'YLR153C', 'YMR083W', 'YMR170C', 'YMR303C', 'YOL086C']",,"['ADH5', 'SFA1', 'ADH4', 'ADH3', 'ADH2', 'ADH1', 'FDH1']",,"['acetate-CoA ligase activity', 'acid-ammonia (or amide) ligase activity', 'alcohol dehydrogenase (NAD) activity', 'oxidoreductase activity']","['NADH oxidation', 'acetyl-CoA biosynthetic process', 'acetyl-CoA biosynthetic process from acetate', 'amino acid catabolic process to alcohol via Ehrlich pathway', 'ethanol biosynthetic process involved in glucose fermentation to ethanol']",,,,"['acetate utilization', 'isoleucine degradation', 'leucine degradation', 'phenylalanine degradation', 'superpathway of glucose fermentation', 'tryptophan degradation', 'valine degradation']","['Zinc-binding dehydrogenase', 'Alcohol dehydrogenase GroES-like domain', 'AMP-binding enzyme C-terminal domain', 'Acetyl-coenzyme A synthetase N-terminus']"
fatty acid biosynthesis (concise),2,"['YKL182W', 'YPL231W']",,,['fatty acid synthase complex'],"['fatty acid synthase activity', 'fatty-acyl-CoA synthase activity']",['long-chain fatty acid biosynthetic process'],,,,"['fatty acid biosynthesis, initial steps', 'fatty acid elongation', 'myristate biosynthesis', 'palmitate biosynthesis', 'stearate biosynthesis']",
"fatty acid biosynthesis, initial steps",6,"['YER061C', 'YKL182W', 'YMR207C', 'YNR016C', 'YOR221C', 'YPL231W']",,,['fatty acid synthase complex'],"['3-oxoacyl-[acyl-carrier-protein] synthase activity', 'S-malonyltransferase activity', '[acyl-carrier-protein] S-malonyltransferase activity', 'acetyl-CoA carboxylase activity', 'biotin carboxylase activity', 'catalytic activity', 'fatty acid synthase activity', 'fatty-acyl-CoA synthase activity', 'transferase activity, transferring acyl groups']","['fatty acid biosynthetic process', 'fatty acid metabolic process', 'lipid metabolic process', 'long-chain fatty acid biosynthetic process', 'malonyl-CoA biosynthetic process', 'metabolic process']",,"['HFA1', 'FAS2']","['INO2', 'INO4']","['fatty acid biosynthesis (concise)', 'fatty acid elongation', 'myristate biosynthesis', 'palmitate biosynthesis', 'stearate biosynthesis']","['Beta-ketoacyl synthase, N-terminal domain', 'Biotin carboxylase, N-terminal domain', 'Biotin-requiring enzyme', 'Carboxyl transferase domain', 'Biotin carboxylase C-terminal domain', 'Carbamoyl-phosphate synthase L chain, ATP binding domain', 'Beta-ketoacyl synthase, C-terminal domain', 'Acetyl-CoA carboxylase, central region']"
fatty acid elongation,4,"['YER061C', 'YKL055C', 'YKL182W', 'YPL231W']",,,['fatty acid synthase complex'],"['3-oxoacyl-[acyl-carrier-protein] reductase (NADPH) activity', '3-oxoacyl-[acyl-carrier-protein] synthase activity', 'fatty acid synthase activity', 'fatty-acyl-CoA synthase activity']","['fatty acid biosynthetic process', 'fatty acid metabolic process', 'lipid metabolic process', 'long-chain fatty acid biosynthetic process']",,,,"['fatty acid biosynthesis (concise)', 'fatty acid biosynthesis, initial steps', 'myristate biosynthesis', 'palmitate biosynthesis', 'stearate biosynthesis']","['Beta-ketoacyl synthase, N-terminal domain', 'Beta-ketoacyl synthase, C-terminal domain']"
fatty acid oxidation pathway,10,"['YBR041W', 'YER015W', 'YGL205W', 'YIL009W', 'YIL160C', 'YKR009C', 'YLR284C', 'YMR246W', 'YOR180C', 'YOR317W']",['Sjogren-Larsson syndrome'],['NMT1'],"['lipid particle', 'peroxisomal matrix', 'peroxisome']","['dodecenoyl-CoA delta-isomerase activity', 'ligase activity', 'long-chain fatty acid-CoA ligase activity', 'medium-chain fatty acid-CoA ligase activity', 'very long-chain fatty acid-CoA ligase activity']","['fatty acid beta-oxidation', 'fatty acid metabolic process', 'lipid metabolic process', 'long-chain fatty acid import', 'long-chain fatty acid metabolic process', 'long-chain fatty-acyl-CoA metabolic process', 'sphingoid long-chain base transport']",,,,,"['Enoyl-CoA hydratase/isomerase', 'AMP-binding enzyme']"
folate biosynthesis,18,"['YAL044C', 'YBR084W', 'YBR263W', 'YDR019C', 'YFL018C', 'YGL125W', 'YGR204W', 'YGR267C', 'YKR080W', 'YLR058C', 'YMR113W', 'YMR189W', 'YMR289W', 'YNL256W', 'YNR033W', 'YOR074C', 'YOR236W', 'YPL023C']",,"['GLY1', 'BNA2', 'SHM2']",['glycine cleavage complex'],"['catalytic activity', 'cobalt ion binding', 'formate-tetrahydrofolate ligase activity', 'glycine dehydrogenase (decarboxylating) activity', 'glycine hydroxymethyltransferase activity', 'methenyltetrahydrofolate cyclohydrolase activity', 'methylenetetrahydrofolate dehydrogenase (NADP+) activity', 'methylenetetrahydrofolate dehydrogenase [NAD(P)+] activity', 'methylenetetrahydrofolate reductase (NAD(P)H) activity', 'oxidoreductase activity', 'serine binding']","['L-serine catabolic process', 'folic acid biosynthetic process', 'folic acid metabolic process', 'folic acid-containing compound biosynthetic process', 'folic acid-containing compound metabolic process', 'glycine biosynthetic process from serine', 'glycine catabolic process', 'glycine decarboxylation via glycine cleavage system', 'glycine metabolic process', 'metabolic process', 'methionine biosynthetic process', 'one-carbon metabolic process', 'purine nucleotide biosynthetic process', 'tetrahydrofolate biosynthetic process', 'tetrahydrofolate interconversion', 'tetrahydrofolate metabolic process']","['auxotrophy', 'nutrient utilization: decreased']",,"['TOD6', 'SSN2', 'GCN4', 'BAS1', 'CSE2']","['folate biosynthesis II', 'folate interconversions', 'folate polyglutamylation', 'folate transformations', 'glycine biosynthesis from serine', 'glycine cleavage complex', 'p-aminobenzoate biosynthesis', 'serine biosynthesis from glyoxylate']","['Serine hydroxymethyltransferase', 'Tetrahydrofolate dehydrogenase/cyclohydrolase, catalytic domain', 'Formate--tetrahydrofolate ligase', 'Methylenetetrahydrofolate reductase', 'Tetrahydrofolate dehydrogenase/cyclohydrolase, NAD(P)-binding domain']"
folate biosynthesis II,6,"['YGR267C', 'YMR113W', 'YMR289W', 'YNL256W', 'YNR033W', 'YOR236W']",,,,,"['folic acid biosynthetic process', 'folic acid-containing compound biosynthetic process', 'tetrahydrofolate biosynthetic process']",['auxotrophy'],,,"['folate biosynthesis', 'folate polyglutamylation', 'p-aminobenzoate biosynthesis']",
folate interconversions,13,"['YAL044C', 'YBR084W', 'YBR263W', 'YDR019C', 'YFL018C', 'YGL125W', 'YGR204W', 'YKR080W', 'YLR058C', 'YMR189W', 'YOR074C', 'YOR236W', 'YPL023C']",,"['GLY1', 'BNA2', 'SHM2', 'BNA5']",['glycine cleavage complex'],"['cobalt ion binding', 'formate-tetrahydrofolate ligase activity', 'glycine dehydrogenase (decarboxylating) activity', 'glycine hydroxymethyltransferase activity', 'methenyltetrahydrofolate cyclohydrolase activity', 'methylenetetrahydrofolate dehydrogenase (NADP+) activity', 'methylenetetrahydrofolate dehydrogenase [NAD(P)+] activity', 'methylenetetrahydrofolate reductase (NAD(P)H) activity', 'oxidoreductase activity', 'pyridoxal phosphate binding', 'serine binding']","['L-serine catabolic process', 'folic acid metabolic process', 'glycine biosynthetic process from serine', 'glycine catabolic process', 'glycine decarboxylation via glycine cleavage system', 'glycine metabolic process', 'methionine biosynthetic process', 'one-carbon metabolic process', 'purine nucleobase biosynthetic process', 'purine nucleotide biosynthetic process', 'tetrahydrofolate interconversion', 'tetrahydrofolate metabolic process']",['nutrient utilization: decreased'],,"['TOD6', 'SSN2', 'GCN4', 'BAS1', 'CSE2']","['folate biosynthesis', 'folate polyglutamylation', 'folate transformations', 'glycine biosynthesis from serine', 'glycine cleavage complex', 'serine biosynthesis from glyoxylate']","['Serine hydroxymethyltransferase', 'Tetrahydrofolate dehydrogenase/cyclohydrolase, catalytic domain', 'Formate--tetrahydrofolate ligase', 'Methylenetetrahydrofolate reductase', 'Tetrahydrofolate dehydrogenase/cyclohydrolase, NAD(P)-binding domain']"
folate polyglutamylation,9,"['YBR084W', 'YBR263W', 'YGL125W', 'YGR204W', 'YLR058C', 'YMR113W', 'YOR236W', 'YOR241W', 'YPL023C']",,"['GLY1', 'SHM2']",['cytosol'],"['cobalt ion binding', 'formate-tetrahydrofolate ligase activity', 'glycine hydroxymethyltransferase activity', 'ligase activity', 'methenyltetrahydrofolate cyclohydrolase activity', 'methylenetetrahydrofolate dehydrogenase (NADP+) activity', 'methylenetetrahydrofolate dehydrogenase [NAD(P)+] activity', 'methylenetetrahydrofolate reductase (NAD(P)H) activity', 'oxidoreductase activity', 'serine binding', 'tetrahydrofolylpolyglutamate synthase activity']","['L-serine catabolic process', 'folic acid metabolic process', 'glycine biosynthetic process from serine', 'methionine biosynthetic process', 'methionine metabolic process', 'one-carbon metabolic process', 'tetrahydrofolate interconversion', 'tetrahydrofolate metabolic process', 'tetrahydrofolylpolyglutamate biosynthetic process']",,,,"['folate biosynthesis', 'folate biosynthesis II', 'folate interconversions', 'folate transformations', 'glycine biosynthesis from serine', 'serine biosynthesis from glyoxylate']","['Serine hydroxymethyltransferase', 'Tetrahydrofolate dehydrogenase/cyclohydrolase, catalytic domain', 'Formate--tetrahydrofolate ligase', 'Methylenetetrahydrofolate reductase', 'Tetrahydrofolate dehydrogenase/cyclohydrolase, NAD(P)-binding domain']"
folate transformations,12,"['YAL044C', 'YBR084W', 'YBR263W', 'YDR019C', 'YER183C', 'YFL018C', 'YGL125W', 'YGR204W', 'YKR080W', 'YLR058C', 'YMR189W', 'YPL023C']",,"['SHM1', 'GLY1', 'ADE3', 'BNA2', 'SHM2', 'BNA5']",['glycine cleavage complex'],"['cobalt ion binding', 'formate-tetrahydrofolate ligase activity', 'glycine dehydrogenase (decarboxylating) activity', 'glycine hydroxymethyltransferase activity', 'methenyltetrahydrofolate cyclohydrolase activity', 'methylenetetrahydrofolate dehydrogenase (NADP+) activity', 'methylenetetrahydrofolate dehydrogenase [NAD(P)+] activity', 'methylenetetrahydrofolate reductase (NAD(P)H) activity', 'oxidoreductase activity', 'pyridoxal phosphate binding', 'serine binding']","['L-serine catabolic process', 'folic acid metabolic process', 'glycine biosynthetic process from serine', 'glycine catabolic process', 'glycine decarboxylation via glycine cleavage system', 'glycine metabolic process', 'methionine biosynthetic process', 'one-carbon metabolic process', 'purine nucleobase biosynthetic process', 'purine nucleotide biosynthetic process', 'tetrahydrofolate interconversion', 'tetrahydrofolate metabolic process']",['nutrient utilization: decreased'],,"['TOD6', 'SSN2', 'BAS1', 'CSE2']","['folate biosynthesis', 'folate interconversions', 'folate polyglutamylation', 'glycine biosynthesis from serine', 'glycine cleavage complex', 'serine biosynthesis from glyoxylate']","['Serine hydroxymethyltransferase', 'Tetrahydrofolate dehydrogenase/cyclohydrolase, catalytic domain', 'Formate--tetrahydrofolate ligase', 'Methylenetetrahydrofolate reductase', 'Tetrahydrofolate dehydrogenase/cyclohydrolase, NAD(P)-binding domain']"
formaldehyde oxidation II (glutathione-dependent),2,"['YDL168W', 'YOR388C']",,"['ADH5', 'KTR4']",,,,,,,,
fructose degradation,2,"['YFR053C', 'YGL253W']",,,,"['fructokinase activity', 'glucokinase activity', 'glucose binding', 'hexokinase activity', 'mannokinase activity', 'phosphotransferase activity, alcohol group as acceptor']","['carbohydrate phosphorylation', 'cellular glucose homeostasis', 'fructose import', 'fructose metabolic process', 'glucose 6-phosphate metabolic process', 'glucose import', 'glucose metabolic process', 'glycolytic process', 'hexose metabolic process', 'mannose metabolic process']",,,,"['glucose-6-phosphate biosynthesis', 'mannose degradation', 'superpathway of glucose fermentation']","['Hexokinase', 'Hexokinase']"
galactose degradation,5,"['YBR018C', 'YBR019C', 'YBR020W', 'YKL127W', 'YMR105C']",['galactosemia'],"['GAL3', 'GAL2', 'LAP3', 'GAL4']",,['phosphoglucomutase activity'],"['UDP-glucose metabolic process', 'carbohydrate metabolic process', 'galactose catabolic process', 'galactose catabolic process via UDP-galactose', 'galactose metabolic process', 'glucose 1-phosphate metabolic process', 'glucose 6-phosphate metabolic process', 'organic substance metabolic process', 'trehalose biosynthetic process']",,,['GAL4'],"['dolichyl glucosyl phosphate biosynthesis', 'glycogen biosynthesis']","['Phosphoglucomutase/phosphomannomutase, C-terminal domain', 'Phosphoglucomutase/phosphomannomutase, alpha/beta/alpha domain I', 'Phosphoglucomutase/phosphomannomutase, alpha/beta/alpha domain II', 'Phosphoglucomutase/phosphomannomutase, alpha/beta/alpha domain III']"
gluconeogenesis,17,"['YBR196C', 'YBR218C', 'YCR012W', 'YDL078C', 'YGL062W', 'YGR192C', 'YGR254W', 'YHR174W', 'YJL052W', 'YJR009C', 'YKL029C', 'YKL060C', 'YKL085W', 'YKL152C', 'YKR097W', 'YLR377C', 'YOL126C']",,"['MDH2', 'HST2']","['cytoplasm', 'cytosol', 'mitochondrion']","['L-malate dehydrogenase activity', 'NAD binding', 'NADP binding', 'biotin binding', 'catalytic activity', 'glyceraldehyde-3-phosphate dehydrogenase (NAD+) (phosphorylating) activity', 'malate dehydrogenase activity', 'melatonin binding', 'oxidoreductase activity', 'oxidoreductase activity, acting on the aldehyde or oxo group of donors, NAD or NADP as acceptor', 'pyruvate carboxylase activity']","['carbohydrate metabolic process', 'carboxylic acid metabolic process', 'gluconeogenesis', 'glucose metabolic process', 'glycolytic process', 'malate metabolic process', 'pyruvate metabolic process', 'reactive oxygen species metabolic process']",,"['LTE1', 'FAT1', 'AIM4', 'PAT1', 'DHH1', 'ACL4', 'CCT6', 'SMT3', 'RSP5', 'UBP3', 'WWM1', 'RPN11', 'CDC43', 'GCN5', 'SBP1', 'RPN1', 'SPO12', 'RPN10', 'BCY1', 'MLP2', 'LSM1', 'MMM1', 'RLP7', 'LST8', 'TPM1', 'FAR11', 'SSB2', 'BRE5', 'NUP1', 'RPT5', 'ULP1', 'TCO89', 'YIG1', 'URN1']","['SPT7', 'TUP1', 'MET32', 'SPT3', 'ADA2', 'HSF1', 'SRB5', 'GCN5', 'SKN7', 'CST6', 'SIP4', 'MSN4', 'ABF1', 'RGR1', 'MSN2', 'CAT8', 'GCR2', 'RAP1', 'SIN4', 'SPT20', 'WTM1', 'TYE7', 'GCR1', 'FHL1']","['TCA cycle, aerobic respiration', 'aspartate biosynthesis', 'glycolysis', 'glyoxylate cycle']","['Glyceraldehyde 3-phosphate dehydrogenase, NAD binding domain', 'lactate/malate dehydrogenase, NAD binding domain', 'Conserved carboxylase domain', 'Glyceraldehyde 3-phosphate dehydrogenase, C-terminal domain', 'lactate/malate dehydrogenase, alpha/beta C-terminal domain']"
glucose-6-phosphate biosynthesis,3,"['YCL040W', 'YFR053C', 'YGL253W']",,['GPR1'],,"['fructokinase activity', 'glucokinase activity', 'glucose binding', 'hexokinase activity', 'kinase activity', 'mannokinase activity', 'phosphotransferase activity, alcohol group as acceptor']","['carbohydrate metabolic process', 'carbohydrate phosphorylation', 'cellular glucose homeostasis', 'fructose import', 'fructose metabolic process', 'glucose 6-phosphate metabolic process', 'glucose import', 'glucose metabolic process', 'glycolytic process', 'hexose metabolic process', 'mannose metabolic process', 'phosphorylation']",,,,"['fructose degradation', 'mannose degradation', 'superpathway of glucose fermentation']","['Hexokinase', 'Hexokinase']"
glutamate biosynthesis from ammonia,2,"['YAL062W', 'YOR375C']",,,,"['glutamate dehydrogenase (NADP+) activity', 'oxidoreductase activity, acting on the CH-NH2 group of donors, NAD or NADP as acceptor']",['glutamate biosynthetic process'],['growth in exponential phase: normal rate'],,,,"['Glutamate/Leucine/Phenylalanine/Valine dehydrogenase', 'Glu/Leu/Phe/Val dehydrogenase, dimerisation domain']"
glutamate biosynthesis from glutamine,1,['YDL171C'],,,,,,,,,,
glutamate degradation I,3,"['YBR006W', 'YGR019W', 'YMR250W']",,,,,['gamma-aminobutyric acid catabolic process'],,,"['HCM1', 'DAL81']",['4-aminobutyrate degradation'],
glutamate degradation IX,1,['YDL215C'],,,,,,,,,,
glutamine biosynthesis,1,['YPR035W'],,,,,,,,,,
glutathione biosynthesis,2,"['YJL101C', 'YOL049W']",,,,,['glutathione biosynthetic process'],,,,,
glutathione degradation,2,"['YFR044C', 'YLR299W']",,,,,['glutathione catabolic process'],,,,['superpathway of glutathione metabolism (truncated &gamma;-glutamyl cycle)'],
glutathione-glutaredoxin redox reactions,6,"['YBR244W', 'YIR037W', 'YIR038C', 'YKL026C', 'YLL060C', 'YPL091W']",,"['PRX1', 'TSA2', 'AHP1']",['extrinsic component of mitochondrial outer membrane'],"['antioxidant activity', 'glutathione peroxidase activity', 'glutathione transferase activity', 'peroxidase activity', 'peroxiredoxin activity', 'phospholipid-hydroperoxide glutathione peroxidase activity']","['cellular oxidant detoxification', 'cellular response to oxidative stress', 'glutathione metabolic process', 'protein glutathionylation', 'response to oxidative stress']",,,,,['Glutathione peroxidase']
glutathione-glutaredoxin system,1,['YPL091W'],,,,,,,,,,
glycerol biosynthesis,4,"['YDL022W', 'YER062C', 'YIL053W', 'YOL059W']",,,['glycerol-3-phosphate dehydrogenase complex'],"['beta-phosphoglucomutase activity', 'glycerol-1-phosphatase activity', 'glycerol-3-phosphate dehydrogenase [NAD+] activity', 'protein homodimerization activity']","['NADH oxidation', 'glycerol biosynthetic process', 'glycerol-3-phosphate catabolic process', 'glycerol-3-phosphate metabolic process']",,,,['phosphatidate biosynthesis II (the glycerol-3-phosphate pathway)'],"['NAD-dependent glycerol-3-phosphate dehydrogenase N-terminus', 'NAD-dependent glycerol-3-phosphate dehydrogenase C-terminus', 'Haloacid dehalogenase-like hydrolase']"
glycerol degradation,2,"['YHL032C', 'YIL155C']",,,,,"['glycerol catabolic process', 'glycerol metabolic process', 'glycerol-3-phosphate metabolic process']",,,,,
glycine biosynthesis from glyoxylate,1,['YFL030W'],,,,,,,,,,
glycine biosynthesis from serine,2,"['YBR263W', 'YLR058C']",,['GLY1'],,"['cobalt ion binding', 'glycine hydroxymethyltransferase activity', 'serine binding']","['L-serine catabolic process', 'folic acid metabolic process', 'glycine biosynthetic process from serine', 'one-carbon metabolic process', 'tetrahydrofolate interconversion', 'tetrahydrofolate metabolic process']",,,,"['folate biosynthesis', 'folate interconversions', 'folate polyglutamylation', 'folate transformations', 'serine biosynthesis from glyoxylate']",['Serine hydroxymethyltransferase']
glycine biosynthesis from threonine,1,['YEL046C'],,,,,,,,,,
glycine cleavage complex,3,"['YDR019C', 'YFL018C', 'YMR189W']",,,['glycine cleavage complex'],['glycine dehydrogenase (decarboxylating) activity'],"['glycine catabolic process', 'glycine decarboxylation via glycine cleavage system', 'glycine metabolic process']",,,"['TOD6', 'SSN2', 'CSE2']","['folate biosynthesis', 'folate interconversions', 'folate transformations']",
glycogen biosynthesis,8,"['YEL011W', 'YFR015C', 'YJL137C', 'YKL035W', 'YKL127W', 'YKR058W', 'YLR258W', 'YMR105C']",,['REG1'],,"['UDP-alpha-D-glucose:glucosyl-glycogenin alpha-D-glucosyltransferase activity', 'glycogen (starch) synthase activity', 'glycogenin glucosyltransferase activity', 'phosphoglucomutase activity', 'transferase activity', 'transferase activity, transferring glycosyl groups']","['UDP-glucose metabolic process', 'galactose catabolic process', 'glucose 1-phosphate metabolic process', 'glycogen biosynthetic process', 'trehalose biosynthetic process']",,"['GSY1', 'PCL10', 'GLG2', 'GSY2']",['CYC8'],"['dolichyl glucosyl phosphate biosynthesis', 'galactose degradation']","['Phosphoglucomutase/phosphomannomutase, C-terminal domain', 'Glycosyl transferase family 8', 'Phosphoglucomutase/phosphomannomutase, alpha/beta/alpha domain I', 'Phosphoglucomutase/phosphomannomutase, alpha/beta/alpha domain II', 'Phosphoglucomutase/phosphomannomutase, alpha/beta/alpha domain III', 'Glycogen synthase']"
glycogen catabolism,3,"['YIL099W', 'YPR160W', 'YPR184W']",,,,,"['carbohydrate metabolic process', 'glycogen catabolic process']",,,,,
glycolysis,14,"['YAL038W', 'YBR196C', 'YCR012W', 'YDR050C', 'YGR192C', 'YGR240C', 'YGR254W', 'YHR174W', 'YJL052W', 'YJR009C', 'YKL060C', 'YKL152C', 'YMR205C', 'YOR347C']",['glycogen storage disease'],,"['6-phosphofructokinase complex', 'cytoplasm', 'cytosol', 'mitochondrion', 'phosphopyruvate hydratase complex', 'plasma membrane']","['6-phosphofructokinase activity', 'NAD binding', 'NADP binding', 'catalytic activity', 'fructose-6-phosphate binding', 'glyceraldehyde-3-phosphate dehydrogenase (NAD+) (phosphorylating) activity', 'kinase activity', 'magnesium ion binding', 'melatonin binding', 'monosaccharide binding', 'oxidoreductase activity, acting on the aldehyde or oxo group of donors, NAD or NADP as acceptor', 'phosphopyruvate hydratase activity', 'potassium ion binding', 'pyruvate kinase activity']","['canonical glycolysis', 'fructose 1,6-bisphosphate metabolic process', 'gluconeogenesis', 'glucose metabolic process', 'glycolytic process']",,"['LTE1', 'FAT1', 'CDC28', 'AIM4', 'PAT1', 'DHH1', 'GLE1', 'YCF1', 'ACL4', 'CCT6', 'SNF1', 'SMT3', 'RSP5', 'UBP3', 'ACT1', 'RPN11', 'ERV14', 'CDC43', 'MCY1', 'VOA1', 'GCN5', 'SBP1', 'RPN1', 'SPO12', 'RPN10', 'BCY1', 'MLP2', 'MAD2', 'NUP192', 'LSM1', 'PXA2', 'RPF2', 'MLP1', 'NFT1', 'YKR104W', 'MMM1', 'YEH1', 'PUF3', 'SPT8', 'SAM1', 'YMD8', 'ESC1', 'RLP7', 'FAR11', 'BRE5', 'YOL075C', 'IRA2', 'NUP1', 'RPT5', 'ULP1', 'YIG1', 'ASR1', 'URN1']","['SPT7', 'TUP1', 'MET32', 'SPT3', 'ADA2', 'HSF1', 'SRB5', 'GCN5', 'CST6', 'FKH1', 'MSN4', 'ABF1', 'RGR1', 'SFP1', 'MSN2', 'FKH2', 'GCR2', 'RAP1', 'SIN4', 'SPT20', 'TYE7', 'GCR1', 'FHL1']",['gluconeogenesis'],"['Glyceraldehyde 3-phosphate dehydrogenase, NAD binding domain', 'Pyruvate kinase, barrel domain', 'Phosphofructokinase', 'Glyceraldehyde 3-phosphate dehydrogenase, C-terminal domain', 'Pyruvate kinase, alpha/beta domain']"
glyoxylate cycle,11,"['YCR005C', 'YDL078C', 'YER065C', 'YIR031C', 'YJL200C', 'YKL085W', 'YLR304C', 'YNL117W', 'YNR001C', 'YOL126C', 'YPR001W']",,['CIT2'],"['mitochondrial matrix', 'peroxisomal matrix', 'peroxisome']","['L-malate dehydrogenase activity', 'aconitate hydratase activity', 'catalytic activity', 'citrate (Si)-synthase activity', 'malate dehydrogenase activity', 'malate synthase activity', 'oxidoreductase activity, acting on the CH-OH group of donors, NAD or NADP as acceptor', 'transferase activity, transferring acyl groups, acyl groups converted into alkyl on transfer']","['carbohydrate metabolic process', 'carboxylic acid metabolic process', 'citrate metabolic process', 'glyoxylate cycle', 'malate metabolic process', 'tricarboxylic acid cycle']",['utilization of carbon source: absent'],,['RTG3'],"['TCA cycle, aerobic respiration', 'gluconeogenesis']","['lactate/malate dehydrogenase, NAD binding domain', 'Citrate synthase, C-terminal domain', 'Aconitase family (aconitate hydratase)', 'Aconitase C-terminal domain', 'Malate synthase', 'lactate/malate dehydrogenase, alpha/beta C-terminal domain']"
heme biosynthesis,4,"['YDR044W', 'YDR047W', 'YER014W', 'YOR176W']",,,,,"['heme biosynthetic process', 'porphyrin-containing compound biosynthetic process', 'protoporphyrinogen IX biosynthetic process']","['chemical compound accumulation: absent', 'utilization of carbon source: absent']",,,,
hexaprenyl diphosphate biosynthesis,3,"['YBR003W', 'YJL167W', 'YPL069C']",,,,"['dimethylallyltranstransferase activity', 'geranyltranstransferase activity', 'prenyltransferase activity']","['farnesyl diphosphate biosynthetic process', 'geranyl diphosphate biosynthetic process', 'isoprenoid biosynthetic process']",,,,,['Polyprenyl synthetase']
histidine biosynthesis,7,"['YBR248C', 'YCL030C', 'YER055C', 'YFR025C', 'YIL020C', 'YIL116W', 'YOR202W']",,,,['catalytic activity'],"['cellular amino acid biosynthetic process', 'histidine biosynthetic process']","['auxotrophy', 'metal resistance: decreased']",,"['PHO2', 'GCN4', 'BAS1']",,['Histidine biosynthesis protein']
homocysteine and cysteine interconversion,2,"['YGL184C', 'YJR130C']",,,,,['transsulfuration'],['utilization of sulfur source: absent'],,,,['Cys/Met metabolism PLP-dependent enzyme']
homocysteine biosynthesis,2,"['YLR303W', 'YNL277W']",,,,,,,,,,
homoserine biosynthesis,3,"['YDR158W', 'YER052C', 'YJR139C']",,"['PSY4', 'PDB1', 'INH1', 'SHR3', 'GNP1', 'BUD27', 'HEM2', 'SEH1', 'SER33', 'THS1', 'LST4', 'MEH1', 'ALT1', 'SEC13', 'CHS5', 'ECM30', 'GTR1', 'UBP15', 'LST8', 'FPR1', 'ATP11', 'INP53', 'PAR32']",,['aspartate kinase activity'],"['cellular amino acid biosynthetic process', 'homoserine biosynthetic process', 'isoleucine biosynthetic process', 'lysine biosynthetic process via diaminopimelate', 'methionine biosynthetic process', 'threonine biosynthetic process']",,,,,
inositol phosphate biosynthesis,6,"['YDR017C', 'YDR173C', 'YDR315C', 'YLR410W', 'YOR163W', 'YPL268W']",,"['RTG3', 'ARG82', 'IDI1']",,"['inositol heptakisphosphate kinase activity', 'inositol hexakisphosphate 1-kinase activity', 'inositol hexakisphosphate 3-kinase activity', 'inositol hexakisphosphate 5-kinase activity', 'inositol hexakisphosphate kinase activity', 'inositol-1,3,4,5,6-pentakisphosphate kinase activity', 'kinase activity']",['inositol phosphate biosynthetic process'],,,,,['Inositol polyphosphate kinase']
isoleucine biosynthesis,7,"['YCL009C', 'YER086W', 'YHR208W', 'YJR016C', 'YJR148W', 'YLR355C', 'YMR108W']",,"['ILV6', 'BAT2', 'ILV2']","['acetolactate synthase complex', 'mitochondrion']","['L-isoleucine transaminase activity', 'L-leucine transaminase activity', 'L-valine transaminase activity', 'acetolactate synthase activity', 'branched-chain-amino-acid transaminase activity', 'catalytic activity']","['branched-chain amino acid biosynthetic process', 'branched-chain amino acid metabolic process', 'cellular amino acid biosynthetic process', 'isoleucine biosynthetic process', 'valine biosynthetic process']",,['BAT1'],"['GCN4', 'HSF1', 'CST6', 'BAS1', 'LEU3', 'SIN4', 'GCR1']","['acetoin biosynthesis', 'isoleucine degradation', 'leucine biosynthesis', 'leucine degradation', 'methionine salvage pathway', 'valine biosynthesis', 'valine degradation']",['Amino-transferase class IV']
isoleucine degradation,13,"['YBR145W', 'YDL080C', 'YDL168W', 'YDR380W', 'YGL256W', 'YGR087C', 'YHR208W', 'YJR148W', 'YLR044C', 'YLR134W', 'YMR083W', 'YMR303C', 'YOL086C']",,"['ADH5', 'SFA1', 'ALD5', 'ADH4', 'ADH3', 'ILV2', 'ADH2', 'ADH1']",['replication compartment'],"['L-isoleucine transaminase activity', 'L-leucine transaminase activity', 'L-valine transaminase activity', 'alcohol dehydrogenase (NAD) activity', 'branched-chain-2-oxoacid decarboxylase activity', 'branched-chain-amino-acid transaminase activity', 'carboxy-lyase activity', 'catalytic activity', 'indolepyruvate decarboxylase activity', 'lyase activity', 'magnesium ion binding', 'metal ion binding', 'oxidoreductase activity', 'phenylpyruvate decarboxylase activity', 'pyruvate decarboxylase activity', 'thiamine pyrophosphate binding', 'zinc ion binding']","['L-phenylalanine catabolic process', 'NADH oxidation', 'amino acid catabolic process to alcohol via Ehrlich pathway', 'amino acid catabolic process via Ehrlich pathway', 'aromatic amino acid family catabolic process to alcohol via Ehrlich pathway', 'branched-chain amino acid catabolic process', 'branched-chain amino acid metabolic process', 'ethanol biosynthetic process involved in glucose fermentation to ethanol', 'ethanol metabolic process', 'glycolytic fermentation to ethanol', 'regulation of viral genome replication', 'tryptophan catabolic process']",,,"['SPT7', 'TUP1', 'PDC2', 'SPT3', 'CST6', 'MSN4', 'RAP1', 'SIN4', 'SPT20', 'GCR1']","['acetoin biosynthesis II', 'ethanol degradation', 'isoleucine biosynthesis', 'leucine biosynthesis', 'leucine degradation', 'methionine salvage pathway', 'phenylalanine degradation', 'superpathway of glucose fermentation', 'tryptophan degradation', 'valine biosynthesis', 'valine degradation']","['Zinc-binding dehydrogenase', 'Thiamine pyrophosphate enzyme, central domain', 'Amino-transferase class IV', 'Thiamine pyrophosphate enzyme, C-terminal TPP binding domain', 'Thiamine pyrophosphate enzyme, N-terminal TPP binding domain', 'Alcohol dehydrogenase GroES-like domain']"
leucine biosynthesis,6,"['YCL018W', 'YGL009C', 'YHR208W', 'YJR148W', 'YNL104C', 'YOR108W']",,"['ILV2', 'ATF1']",,"['2-isopropylmalate synthase activity', 'L-isoleucine transaminase activity', 'L-leucine transaminase activity', 'L-valine transaminase activity', 'branched-chain-amino-acid transaminase activity', 'transferase activity, transferring acyl groups, acyl groups converted into alkyl on transfer']","['branched-chain amino acid biosynthetic process', 'branched-chain amino acid metabolic process', 'cellular amino acid biosynthetic process', 'leucine biosynthetic process', 'valine biosynthetic process']",,"['BAT1', 'LEU4']","['RTG3', 'GCN4', 'PUT3', 'LEU3', 'TYE7']","['isoleucine biosynthesis', 'isoleucine degradation', 'leucine degradation', 'methionine salvage pathway', 'valine biosynthesis', 'valine degradation']","['Amino-transferase class IV', 'LeuA allosteric (dimerisation) domain']"
leucine degradation,10,"['YBR145W', 'YDL080C', 'YDL168W', 'YDR380W', 'YGL256W', 'YHR208W', 'YJR148W', 'YMR083W', 'YMR303C', 'YOL086C']",,"['ADH5', 'SFA1', 'ALD5', 'ADH4', 'ILV3', 'ADH3', 'ILV2', 'ADH2', 'ADH1', 'FDH1']",,"['L-isoleucine transaminase activity', 'L-leucine transaminase activity', 'L-valine transaminase activity', 'alcohol dehydrogenase (NAD) activity', 'branched-chain-amino-acid transaminase activity', 'metal ion binding', 'oxidoreductase activity', 'zinc ion binding']","['NADH oxidation', 'amino acid catabolic process to alcohol via Ehrlich pathway', 'branched-chain amino acid catabolic process', 'branched-chain amino acid metabolic process', 'ethanol biosynthetic process involved in glucose fermentation to ethanol']",,,"['SPT3', 'SIN4', 'SPT20']","['ethanol degradation', 'isoleucine biosynthesis', 'isoleucine degradation', 'leucine biosynthesis', 'methionine salvage pathway', 'phenylalanine degradation', 'superpathway of glucose fermentation', 'tryptophan degradation', 'valine biosynthesis', 'valine degradation']","['Zinc-binding dehydrogenase', 'Amino-transferase class IV', 'Alcohol dehydrogenase GroES-like domain']"
lipid-linked oligosaccharide biosynthesis,12,"['YBL082C', 'YBR070C', 'YBR110W', 'YBR243C', 'YGL047W', 'YGL065C', 'YGR227W', 'YNL048W', 'YNL219C', 'YNR030W', 'YOR002W', 'YOR067C']","['congenital disorder of glycosylation', 'congenital disorder of glycosylation type I']","['ALG3', 'CSG2', 'PMT1', 'SAC7', 'ERD1', 'WBP1', 'GET2', 'HAC1', 'RPO41', 'STT3', 'GUP1', 'KEX1', 'OST5', 'SPT4', 'DIE2', 'SLT2', 'IRE1', 'OST1', 'KAR2', 'MNN11', 'HOC1', 'STE24', 'ILM1', 'VPS1', 'OST6', 'SWP1', 'PPA2', 'GAS1', 'ALG9', 'KRE1', 'ALG12', 'ALG6', 'ALG8', 'OST3', 'OST2', 'ALG5', 'SRO7', 'DPM1', 'FRE8']","['UDP-N-acetylglucosamine transferase complex', 'endoplasmic reticulum', 'endoplasmic reticulum membrane', 'integral component of membrane', 'membrane']","['N-acetylglucosaminyldiphosphodolichol N-acetylglucosaminyltransferase activity', 'mannosyltransferase activity', 'transferase activity', 'transferase activity, transferring glycosyl groups', 'transferase activity, transferring hexosyl groups']","['dolichol-linked oligosaccharide biosynthetic process', 'mannosylation', 'oligosaccharide-lipid intermediate biosynthetic process', 'protein N-linked glycosylation', 'protein glycosylation']","['killer toxin resistance: increased', 'protein secretion: increased']","['ALG14', 'ALG7', 'ALG13']",,,['Glycosyl transferases group 1']
lysine biosynthesis,7,"['YBR115C', 'YDL131W', 'YDL182W', 'YDR234W', 'YIL094C', 'YIR034C', 'YNR050C']",,"['BNA4', 'KGD1', 'BNA1', 'BNA2', 'SDH3', 'GAP1', 'BNA5', 'DIC1', 'LYP1']",,['homocitrate synthase activity'],"['cellular amino acid biosynthetic process', 'lysine biosynthetic process', 'lysine biosynthetic process via aminoadipic acid']",,,,,
mannose degradation,4,"['YCL040W', 'YER003C', 'YFR053C', 'YGL253W']",,['GPR1'],,"['fructokinase activity', 'glucokinase activity', 'glucose binding', 'hexokinase activity', 'mannokinase activity', 'phosphotransferase activity, alcohol group as acceptor']","['carbohydrate metabolic process', 'carbohydrate phosphorylation', 'cellular glucose homeostasis', 'fructose import', 'fructose metabolic process', 'glucose 6-phosphate metabolic process', 'glucose import', 'glucose metabolic process', 'glycolytic process', 'hexose metabolic process', 'mannose metabolic process']",,,,"['fructose degradation', 'glucose-6-phosphate biosynthesis', 'superpathway of glucose fermentation']","['Hexokinase', 'Hexokinase']"
methionine biosynthesis,2,"['YER091C', 'YOR241W']",,,,,,,,,,
methionine salvage pathway,9,"['YEL038W', 'YGL202W', 'YHR137W', 'YHR208W', 'YJR024C', 'YJR148W', 'YLR017W', 'YMR009W', 'YPR118W']",,,,"['2-aminoadipate transaminase activity', 'L-isoleucine transaminase activity', 'L-leucine transaminase activity', 'L-phenylalanine:2-oxoglutarate aminotransferase activity', 'L-valine transaminase activity', 'aromatic-amino-acid:2-oxoglutarate aminotransferase activity', 'branched-chain-amino-acid transaminase activity', 'catalytic activity', 'transaminase activity']","['L-methionine salvage from S-adenosylmethionine', 'L-methionine salvage from methylthioadenosine', 'L-phenylalanine biosynthetic process', 'alpha-amino acid metabolic process', 'aromatic amino acid family catabolic process', 'aromatic amino acid family metabolic process', 'branched-chain amino acid metabolic process', 'cellular amino acid biosynthetic process', 'leucine biosynthetic process', 'methionine biosynthetic process', 'tyrosine biosynthetic process', 'valine biosynthetic process']",['nutrient utilization: abnormal'],,,"['isoleucine biosynthesis', 'isoleucine degradation', 'leucine biosynthesis', 'leucine degradation', 'phenylalanine biosynthesis', 'phenylalanine degradation', 'tryptophan degradation', 'tyrosine biosynthesis', 'tyrosine degradation', 'valine biosynthesis', 'valine degradation']",
methylglyoxal catabolism,3,"['YDR272W', 'YML004C', 'YOR040W']",,,,['hydroxyacylglutathione hydrolase activity'],['methylglyoxal catabolic process to D-lactate via S-lactoyl-glutathione'],,,,,
mevalonate pathway,8,"['YLR450W', 'YML075C', 'YML126C', 'YMR208W', 'YMR220W', 'YNR043W', 'YPL028W', 'YPL117C']",,"['CSG2', 'ERG26', 'RAM2', 'LCB5', 'BTS1', 'DIA4']",,['hydroxymethylglutaryl-CoA reductase (NADPH) activity'],"['coenzyme A metabolic process', 'ergosterol biosynthetic process', 'farnesyl diphosphate biosynthetic process, mevalonate pathway', 'isopentenyl diphosphate biosynthetic process, mevalonate pathway', 'isoprenoid biosynthetic process', 'lipid metabolic process', 'steroid biosynthetic process', 'steroid metabolic process', 'sterol biosynthetic process']",['mitochondrial morphology: abnormal'],,,,"['GHMP kinases N terminal domain', 'Hydroxymethylglutaryl-coenzyme A reductase', 'GHMP kinases C terminal', 'Sterol-sensing domain of SREBP cleavage-activation', 'N-terminal domain with HPIH motif']"
myristate biosynthesis,2,"['YKL182W', 'YPL231W']",,,['fatty acid synthase complex'],"['fatty acid synthase activity', 'fatty-acyl-CoA synthase activity']",['long-chain fatty acid biosynthetic process'],,,,"['fatty acid biosynthesis (concise)', 'fatty acid biosynthesis, initial steps', 'fatty acid elongation', 'palmitate biosynthesis', 'stearate biosynthesis']",
nicotinamide riboside salvage pathway I,3,"['YGR010W', 'YLR328W', 'YNL129W']",,,,"['nicotinamide-nucleotide adenylyltransferase activity', 'nicotinate-nucleotide adenylyltransferase activity']","['NAD biosynthetic process', 'pyridine nucleotide biosynthetic process']",,,,"['NAD salvage pathway', 'de novo NAD biosynthesis']",['Cytidylyltransferase-like']
nicotinamide riboside salvage pathway II,2,"['YDR400W', 'YLR209C']",,,,['nicotinamide riboside hydrolase activity'],"['NAD biosynthesis via nicotinamide riboside salvage pathway', 'nicotinate nucleotide salvage']",,,,['nicotinate riboside salvage pathway II'],
nicotinate riboside salvage pathway I,1,['YNL129W'],,,,,,,,,,
nicotinate riboside salvage pathway II,2,"['YDR400W', 'YLR209C']",,,,['nicotinamide riboside hydrolase activity'],"['NAD biosynthesis via nicotinamide riboside salvage pathway', 'nicotinate nucleotide salvage']",,,,['nicotinamide riboside salvage pathway II'],
non-oxidative branch of the pentose phosphate pathway,5,"['YBR117C', 'YJL121C', 'YLR354C', 'YOR095C', 'YPR074C']",,"['CYS3', 'ILV1', 'GND2', 'RPE1', 'ZWF1']",,['transketolase activity'],"['pentose-phosphate shunt', 'pentose-phosphate shunt, non-oxidative branch']",,,,,"['Transketolase, thiamine diphosphate binding domain', 'Transketolase, pyrimidine binding domain', 'Transketolase, C-terminal domain']"
oleate biosynthesis,1,['YGL055W'],,,,,,,,,,
oxidative branch of the pentose phosphate pathway,5,"['YGR248W', 'YGR256W', 'YHR163W', 'YHR183W', 'YNL241C']",,['TKL2'],,"['6-phosphogluconolactonase activity', 'NADP binding', 'phosphogluconate dehydrogenase (decarboxylating) activity']","['D-gluconate catabolic process', 'D-gluconate metabolic process', 'pentose-phosphate shunt', 'pentose-phosphate shunt, oxidative branch']",,,,,"['6-phosphogluconate dehydrogenase, C-terminal domain', 'Glucosamine-6-phosphate isomerases/6-phosphogluconolactonase', 'NAD binding domain of 6-phosphogluconate dehydrogenase']"
p-aminobenzoate biosynthesis,2,"['YMR289W', 'YNR033W']",,,,,"['folic acid biosynthetic process', 'tetrahydrofolate biosynthetic process']",,,,"['folate biosynthesis', 'folate biosynthesis II']",
palmitate biosynthesis,2,"['YKL182W', 'YPL231W']",,,['fatty acid synthase complex'],"['fatty acid synthase activity', 'fatty-acyl-CoA synthase activity']",['long-chain fatty acid biosynthetic process'],,,,"['fatty acid biosynthesis (concise)', 'fatty acid biosynthesis, initial steps', 'fatty acid elongation', 'myristate biosynthesis', 'stearate biosynthesis']",
palmitoleate biosynthesis,1,['YGL055W'],,,,,,,,,,
pantothenate and coenzyme A biosynthesis,10,"['YBR176W', 'YDR196C', 'YDR531W', 'YGR277C', 'YHR063C', 'YIL083C', 'YIL145C', 'YKL088W', 'YKR072C', 'YOR054C']",,,"['CoA-synthesizing protein complex', 'phosphopantothenoylcysteine decarboxylase complex']","['FMN binding', 'dephospho-CoA kinase activity', 'phosphopantothenoylcysteine decarboxylase activity']","['coenzyme A biosynthetic process', 'pantothenate biosynthetic process']",,"['PPZ2', 'CAB4', 'CAB3']",,,
periplasmic NAD degradation,1,['YGL067W'],,,,,,,,,,
phenylalanine biosynthesis,4,"['YGL202W', 'YHR137W', 'YNL316C', 'YPR060C']",,,,"['2-aminoadipate transaminase activity', 'L-phenylalanine:2-oxoglutarate aminotransferase activity', 'aromatic-amino-acid:2-oxoglutarate aminotransferase activity', 'chorismate mutase activity']","['L-methionine salvage from methylthioadenosine', 'L-phenylalanine biosynthetic process', 'alpha-amino acid metabolic process', 'aromatic amino acid family biosynthetic process', 'aromatic amino acid family catabolic process', 'aromatic amino acid family metabolic process', 'lysine biosynthetic process via aminoadipic acid', 'tyrosine biosynthetic process']",,,,"['methionine salvage pathway', 'phenylalanine degradation', 'tryptophan degradation', 'tyrosine biosynthesis', 'tyrosine degradation']",
phenylalanine degradation,12,"['YBR145W', 'YDL168W', 'YDR380W', 'YGL202W', 'YGL256W', 'YGR087C', 'YHR137W', 'YLR044C', 'YLR134W', 'YMR083W', 'YMR303C', 'YOL086C']",,"['ADH5', 'SFA1', 'ADH4', 'ADH3', 'ADH2', 'ADH1']",['replication compartment'],"['2-aminoadipate transaminase activity', 'L-phenylalanine:2-oxoglutarate aminotransferase activity', 'alcohol dehydrogenase (NAD) activity', 'aromatic-amino-acid:2-oxoglutarate aminotransferase activity', 'branched-chain-2-oxoacid decarboxylase activity', 'carboxy-lyase activity', 'catalytic activity', 'indolepyruvate decarboxylase activity', 'lyase activity', 'magnesium ion binding', 'metal ion binding', 'oxidoreductase activity', 'phenylpyruvate decarboxylase activity', 'pyruvate decarboxylase activity', 'thiamine pyrophosphate binding', 'zinc ion binding']","['L-phenylalanine biosynthetic process', 'L-phenylalanine catabolic process', 'NADH oxidation', 'alpha-amino acid metabolic process', 'amino acid catabolic process to alcohol via Ehrlich pathway', 'amino acid catabolic process via Ehrlich pathway', 'aromatic amino acid family catabolic process', 'aromatic amino acid family catabolic process to alcohol via Ehrlich pathway', 'aromatic amino acid family metabolic process', 'branched-chain amino acid catabolic process', 'ethanol biosynthetic process involved in glucose fermentation to ethanol', 'ethanol metabolic process', 'glycolytic fermentation to ethanol', 'regulation of viral genome replication', 'tryptophan catabolic process', 'tyrosine biosynthetic process']",,,"['SPT7', 'TUP1', 'PDC2', 'CST6', 'MSN4', 'CAT8', 'RAP1', 'SIN4', 'SPT20']","['acetoin biosynthesis II', 'ethanol degradation', 'isoleucine degradation', 'leucine degradation', 'methionine salvage pathway', 'phenylalanine biosynthesis', 'superpathway of glucose fermentation', 'tryptophan degradation', 'tyrosine biosynthesis', 'tyrosine degradation', 'valine degradation']","['Zinc-binding dehydrogenase', 'Thiamine pyrophosphate enzyme, central domain', 'Thiamine pyrophosphate enzyme, C-terminal TPP binding domain', 'Thiamine pyrophosphate enzyme, N-terminal TPP binding domain', 'Alcohol dehydrogenase GroES-like domain']"
phosphatidate biosynthesis I (the dihydroxyacetone pathway),4,"['YBL011W', 'YDL052C', 'YIL124W', 'YKR067W']",,,['lipid particle'],"['glycerol-3-phosphate O-acyltransferase activity', 'glycerone-phosphate O-acyltransferase activity', 'sn-1-glycerol-3-phosphate C16:0-DCA-CoA acyl transferase activity', 'transferase activity, transferring acyl groups']","['CDP-diacylglycerol biosynthetic process', 'lipid metabolic process', 'phosphatidic acid biosynthetic process', 'phospholipid biosynthetic process']",,['RER2'],,"['phosphatidate biosynthesis II (the glycerol-3-phosphate pathway)', 'triglyceride biosynthesis']",['Acyltransferase']
phosphatidate biosynthesis II (the glycerol-3-phosphate pathway),5,"['YBL011W', 'YDL022W', 'YDL052C', 'YKR067W', 'YOL059W']",,,['glycerol-3-phosphate dehydrogenase complex'],"['glycerol-3-phosphate O-acyltransferase activity', 'glycerol-3-phosphate dehydrogenase [NAD+] activity', 'glycerone-phosphate O-acyltransferase activity', 'protein homodimerization activity', 'sn-1-glycerol-3-phosphate C16:0-DCA-CoA acyl transferase activity', 'transferase activity, transferring acyl groups']","['CDP-diacylglycerol biosynthetic process', 'glycerol-3-phosphate catabolic process', 'glycerol-3-phosphate metabolic process', 'phospholipid biosynthetic process']",,['RER2'],,"['glycerol biosynthesis', 'phosphatidate biosynthesis I (the dihydroxyacetone pathway)', 'triglyceride biosynthesis']","['NAD-dependent glycerol-3-phosphate dehydrogenase N-terminus', 'Acyltransferase', 'NAD-dependent glycerol-3-phosphate dehydrogenase C-terminus']"
phosphatidylinositol biosynthesis,1,['YPR113W'],,,,,,,,,,
phosphatidylinositol phosphate biosynthesis,13,"['YDR208W', 'YFR019W', 'YIL002C', 'YJL100W', 'YJR110W', 'YKL212W', 'YLR240W', 'YLR305C', 'YNL106C', 'YNL267W', 'YNL325C', 'YOL065C', 'YOR109W']",,"['CSG2', 'VMA2', 'SCS2', 'YPT1', 'RME1', 'PFK1', 'OSH7', 'INP51', 'SLM1', 'SAC1', 'STT4', 'INP52', 'PIK1', 'ARF3', 'INP53', 'VPS30', 'SEC8', 'HMRA1', 'ROY1']",,"['1-phosphatidylinositol 4-kinase activity', 'kinase activity', 'phosphatase activity', 'phosphatidylinositol kinase activity', 'phosphatidylinositol phosphate kinase activity', 'phosphatidylinositol-3,5-bisphosphate 5-phosphatase activity', 'phosphatidylinositol-3-phosphatase activity', 'phosphatidylinositol-4,5-bisphosphate 5-phosphatase activity', 'phosphatidylinositol-4-phosphate phosphatase activity']","['autophagosome-lysosome fusion', 'inositol phosphate dephosphorylation', 'microlipophagy', 'phosphatidylinositol dephosphorylation', 'phosphatidylinositol phosphorylation', 'phosphatidylinositol-3-phosphate biosynthetic process', 'phosphatidylinositol-mediated signaling', 'phosphorylation']","['actin cytoskeleton morphology: abnormal', 'chemical compound accumulation: normal', 'hyperosmotic stress resistance: normal', 'protein secretion: decreased', 'protein/peptide distribution: abnormal', 'vacuolar transport: abnormal', 'vacuolar transport: decreased', 'vacuolar transport: normal']",,,,"['Phosphatidylinositol 3- and 4-kinase', 'Phosphoinositide 3-kinase family, accessory domain (PIK domain)', 'Phosphatidylinositol-4-phosphate 5-Kinase', 'SacI homology domain', 'Endonuclease/Exonuclease/phosphatase family']"
phospholipid biosynthesis,7,"['YCL004W', 'YDL142C', 'YER026C', 'YGR157W', 'YGR170W', 'YJR073C', 'YNL169C']",,"['GEM1', 'PIM1', 'CSG2', 'SND3', 'TRS20', 'DPL1', 'GPI11', 'HNM1', 'PCT1', 'OSH3', 'VPS53', 'LCB3', 'LHS1', 'MCD4', 'CKI1', 'UPS2', 'UPS1', 'HMG2', 'VPS27', 'YNR048W', 'INO4', 'DCP1', 'ALE1', 'LPL1']",,"['phosphatidylethanolamine N-methyltransferase activity', 'phosphatidylserine decarboxylase activity', 'phosphotransferase activity, for other substituted phosphate groups']","['cardiolipin biosynthetic process', 'lipid metabolic process', 'phosphatidylcholine biosynthetic process', 'phosphatidylethanolamine biosynthetic process', 'phospholipid biosynthetic process', 'protein autoprocessing']",,,"['OPI1', 'INO4']",,"['Phosphatidylserine decarboxylase', 'Phospholipid methyltransferase']"
phospholipid biosynthesis (Kennedy pathway),3,"['YGR202C', 'YLR133W', 'YNL130C']",,,,,"['CDP-choline pathway', 'lipid metabolic process', 'phosphatidylcholine biosynthetic process', 'phospholipid biosynthetic process']",,,,,
phospholipid biosynthesis II (Kennedy pathway),3,"['YDR147W', 'YGR007W', 'YHR123W']",,,,,"['CDP-choline pathway', 'lipid metabolic process', 'phosphatidylcholine biosynthetic process', 'phosphatidylethanolamine biosynthetic process', 'phospholipid biosynthetic process']",,,,,
phospholipids degradation,3,"['YER019W', 'YKR031C', 'YPL268W']",,,,,,,,,,
proline biosynthesis,3,"['YDR300C', 'YER023W', 'YOR323C']",,"['GAP1', 'PUT4']",,,"['L-proline biosynthetic process', 'cellular amino acid biosynthetic process', 'proline biosynthetic process']",,,,,
proline utilization,2,"['YHR037W', 'YLR142W']",,,,,"['glutamate biosynthetic process', 'proline catabolic process to glutamate', 'proline metabolic process']",,,,,
putrescine biosynthesis,1,['YKL184W'],,,,,,,,,,
pyridoxal 5'-phosphate salvage pathway,2,"['YBR035C', 'YEL029C']",,,,,"[""pyridoxal 5'-phosphate salvage""]",,,,,
pyruvate dehydrogenase complex,4,"['YBR221C', 'YER178W', 'YFL018C', 'YNL071W']",,"['ACH1', 'CSH1', 'CIT2', 'PTC6', 'KGD2', 'HRQ1', 'EMI1', 'UBC8', 'SDD1', 'ARO2', 'VID30', 'PEX4', 'SER2', 'SUC2', 'PAM16', 'UTR1', 'MGM101', 'MDH1', 'AAT1', 'ALT1', 'PEX12', 'GID8', 'YHM2', 'CIT1', 'INO4', 'LEU9', 'MRS2', 'MFM1', 'ALD6']","['mitochondrial matrix', 'mitochondrial nucleoid', 'mitochondrial pyruvate dehydrogenase complex']",['pyruvate dehydrogenase (acetyl-transferring) activity'],['acetyl-CoA biosynthetic process from pyruvate'],"['nutrient utilization: decreased', 'replicative lifespan: increased']","['PDB1', 'PTC6', 'CYM1', 'MIC60', 'SEC10']",,,
removal of superoxide radicals,4,"['YDR256C', 'YGR088W', 'YHR008C', 'YJR104C']",,,,"['catalase activity', 'oxidoreductase activity', 'peroxidase activity', 'superoxide dismutase activity']","['hydrogen peroxide catabolic process', 'removal of superoxide radicals', 'response to hydrogen peroxide', 'response to reactive oxygen species', 'superoxide metabolic process']","['chronological lifespan: increased', 'entry into G0 (stationary phase): increased', 'prion formation: increased']",,,,"['Catalase', 'Catalase-related immune-responsive']"
"riboflavin, FMN and FAD biosynthesis",8,"['YBL033C', 'YBR153W', 'YBR256C', 'YDL045C', 'YDR236C', 'YDR487C', 'YOL066C', 'YOL143C']",,,,,['riboflavin biosynthetic process'],,,,,
"salvage pathways of adenine, hypoxanthine and their nucleosides",7,"['YDR399W', 'YDR441C', 'YJR105W', 'YLR209C', 'YML022W', 'YML035C', 'YNL141W']",,"['APT2', 'ADE13', 'APT1', 'ADE17', 'AAH1', 'ADE12']",,"['adenine binding', 'adenine phosphoribosyltransferase activity', 'deaminase activity', 'transferase activity, transferring glycosyl groups']","['AMP salvage', 'IMP salvage', 'adenine salvage', 'nucleoside metabolic process', 'purine ribonucleoside monophosphate biosynthetic process', 'purine ribonucleoside salvage']",,,,['salvage pathways of purines and their nucleosides'],"['Phosphoribosyl transferase domain', 'Adenosine deaminase']"
"salvage pathways of guanine, xanthine and their nucleosides",3,"['YDL238C', 'YDR399W', 'YJR133W']",,,,"['hypoxanthine phosphoribosyltransferase activity', 'phosphomannomutase activity']","['GMP salvage', 'IMP salvage', 'XMP salvage', 'hypoxanthine metabolic process']",,,,['salvage pathways of purines and their nucleosides'],['Phosphoribosyl transferase domain']
salvage pathways of purines and their nucleosides,9,"['YDL238C', 'YDR399W', 'YDR441C', 'YJR105W', 'YJR133W', 'YLR209C', 'YML022W', 'YML035C', 'YNL141W']",,"['APT2', 'ADE13', 'APT1', 'ADE17', 'AAH1', 'ADE12']",,"['adenine binding', 'adenine phosphoribosyltransferase activity', 'deaminase activity', 'hypoxanthine phosphoribosyltransferase activity', 'phosphomannomutase activity', 'transferase activity, transferring glycosyl groups']","['AMP salvage', 'GMP salvage', 'IMP salvage', 'XMP salvage', 'adenine salvage', 'hypoxanthine metabolic process', 'nucleoside metabolic process', 'purine ribonucleoside monophosphate biosynthetic process', 'purine ribonucleoside salvage']",,,,"['salvage pathways of adenine, hypoxanthine and their nucleosides', 'salvage pathways of guanine, xanthine and their nucleosides']",['Phosphoribosyl transferase domain']
salvage pathways of pyrimidine deoxyribonucleotides,3,"['YDR400W', 'YLR245C', 'YNR012W']",,,,,"['cytidine catabolic process', 'pyrimidine-containing compound salvage']",,,,['salvage pathways of pyrimidine ribonucleotides'],
salvage pathways of pyrimidine ribonucleotides,6,"['YDR400W', 'YHR128W', 'YKL067W', 'YLR245C', 'YNR012W', 'YPR062W']",,,,,"['UMP salvage', 'cytidine catabolic process', 'pyrimidine-containing compound salvage']",,,,['salvage pathways of pyrimidine deoxyribonucleotides'],['Uracil phosphoribosyltransferase']
serine biosynthesis from 3-phosphoglycerate,4,"['YER081W', 'YGR208W', 'YIL074C', 'YOR184W']",,"['GCV1', 'RQC2']",,"['alpha-ketoglutarate reductase activity', 'glyoxylate reductase (NADP) activity', 'hydroxypyruvate reductase activity', 'phosphoglycerate dehydrogenase activity']","['L-serine biosynthetic process', 'cellular amino acid biosynthetic process', 'serine family amino acid biosynthetic process']",,,,,"['D-isomer specific 2-hydroxyacid dehydrogenase, catalytic domain', 'D-isomer specific 2-hydroxyacid dehydrogenase, NAD binding domain']"
serine biosynthesis from glyoxylate,2,"['YBR263W', 'YLR058C']",,['GLY1'],,"['cobalt ion binding', 'glycine hydroxymethyltransferase activity', 'serine binding']","['L-serine catabolic process', 'folic acid metabolic process', 'glycine biosynthetic process from serine', 'one-carbon metabolic process', 'tetrahydrofolate interconversion', 'tetrahydrofolate metabolic process']",,,,"['folate biosynthesis', 'folate interconversions', 'folate polyglutamylation', 'folate transformations', 'glycine biosynthesis from serine']",['Serine hydroxymethyltransferase']
siroheme biosynthesis,2,"['YBR213W', 'YKR069W']",,,,,"['porphyrin-containing compound biosynthetic process', 'siroheme biosynthetic process', 'sulfate assimilation']",,,,,
spermidine and methylthioadenosine biosynthesis,2,"['YOL052C', 'YPR069C']",,,,,"['pantothenate biosynthetic process', 'polyamine biosynthetic process', 'spermidine biosynthetic process']",,,,,
spermine and methylthioadenosine biosynthesis,2,"['YLR146C', 'YOL052C']",,,,,"['pantothenate biosynthetic process', 'polyamine biosynthetic process', 'spermine biosynthetic process']",,,,,
sphingolipid metabolism,19,"['YBR036C', 'YBR183W', 'YBR265W', 'YDR062W', 'YDR072C', 'YDR294C', 'YDR297W', 'YHL003C', 'YJL134W', 'YKL004W', 'YKL008C', 'YKR053C', 'YLR260W', 'YMR272C', 'YMR296C', 'YMR298W', 'YOR171C', 'YPL057C', 'YPL087W']",,"['PDX3', 'CSG2', 'TSC3', 'VMA2', 'IFA38', 'CSH1', 'YPC1', 'TRS20', 'ADP1', 'ELO2', 'TSC13', 'SLC1', 'LCB2', 'IPT1', 'RGP1', 'DPL1', 'SUR2', 'ATP5', 'SVF1', 'RVS167', 'NHX1', 'AGE1', 'GEA2', 'ISC1', 'CHO1', 'GET2', 'ILV1', 'TSC11', 'COG7', 'PMA1', 'GUP1', 'SNF4', 'COQ8', 'ORM1', 'ERG25', 'LAG1', 'SCH9', 'LCB3', 'ERG20', 'VPS55', 'STR2', 'SGM1', 'AUR1', 'LAC1', 'TOR2', 'SAC1', 'VPS1', 'BET3', 'YEH2', 'RIC1', 'RPS0B', 'ERG3', 'MNL2', 'UPS1', 'LCB5', 'ACO1', 'ORM2', 'ROM2', 'ELO3', 'SEI1', 'ERG6', 'CMP2', 'ERG13', 'HOF1', 'ERG2', 'SCS7', 'LCB1', 'LIP1', 'GAS1', 'COG6', 'YDJ1', 'END3', 'FPR1', 'PSD1', 'MVD1', 'VPS68', 'GYP1', 'VPS17', 'LCB4', 'RUD3', 'PDR12', 'YDC1', 'SRO7', 'GRS2', 'PET191', 'YLR225C']","['acyl-CoA ceramide synthase complex', 'cortical endoplasmic reticulum', 'endoplasmic reticulum', 'endoplasmic reticulum membrane', 'inositol phosphoceramide synthase complex', 'integral component of membrane', 'membrane']","['D-erythro-sphingosine kinase activity', 'N-acyltransferase activity', 'hydrolase activity, acting on carbon-nitrogen (but not peptide) bonds, in linear amides', 'inositol phosphoceramide synthase activity', 'lipid kinase activity', 'phytoceramidase activity', 'serine C-palmitoyltransferase activity', 'sphinganine kinase activity', 'sphingosine N-acyltransferase activity', 'sphingosine hydroxylase activity', 'sphingosine-1-phosphate phosphatase activity', 'transferase activity']","['calcium-mediated signaling', 'ceramide biosynthetic process', 'ceramide catabolic process', 'glycosphingolipid biosynthetic process', 'inositolphosphoceramide metabolic process', 'lipid metabolic process', 'lipid phosphorylation', 'phospholipid dephosphorylation', 'sphingolipid biosynthetic process', 'sphingolipid metabolic process', 'sphingosine biosynthetic process']",,"['CSG2', 'BSD2', 'GPI8', 'ORM2', 'LIP1', 'ALG5']",,,"['Diacylglycerol kinase catalytic domain', 'PAP2 superfamily', 'Ceramidase', 'TRAM1-like protein', 'PAP2 superfamily']"
stearate biosynthesis,2,"['YKL182W', 'YPL231W']",,,['fatty acid synthase complex'],"['fatty acid synthase activity', 'fatty-acyl-CoA synthase activity']",['long-chain fatty acid biosynthetic process'],,,,"['fatty acid biosynthesis (concise)', 'fatty acid biosynthesis, initial steps', 'fatty acid elongation', 'myristate biosynthesis', 'palmitate biosynthesis']",
sucrose degradation,1,['YIL162W'],,,,,,,,,,
sulfate assimilation pathway,5,"['YFR030W', 'YJR010W', 'YJR137C', 'YKL001C', 'YPR167C']",,,['sulfite reductase complex (NADPH)'],['sulfite reductase (NADPH) activity'],"['hydrogen sulfide biosynthetic process', 'sulfate assimilation', 'sulfate assimilation, phosphoadenylyl sulfate reduction by phosphoadenylyl-sulfate reductase (thioredoxin)', 'sulfur amino acid metabolic process']","['auxotrophy', 'utilization of nitrogen source: absent']",,"['MET32', 'MET4', 'TYE7', 'MET31']",,
superpathway of ergosterol biosynthesis,1,['YJL167W'],,,,,,,,,,
superpathway of glucose fermentation,15,"['YBR145W', 'YCL040W', 'YER073W', 'YFR053C', 'YGL253W', 'YGL256W', 'YGR087C', 'YLR044C', 'YLR134W', 'YMR083W', 'YMR170C', 'YMR303C', 'YOL086C', 'YOR374W', 'YPL061W']",,"['ADH5', 'SFA1', 'ADH4', 'ADH3', 'ADH2', 'ADH1', 'POS5', 'ACO2']",['replication compartment'],"['alcohol dehydrogenase (NAD) activity', 'aldehyde dehydrogenase (NAD) activity', 'aldehyde dehydrogenase [NAD(P)+] activity', 'branched-chain-2-oxoacid decarboxylase activity', 'carboxy-lyase activity', 'fructokinase activity', 'glucokinase activity', 'glucose binding', 'hexokinase activity', 'indolepyruvate decarboxylase activity', 'mannokinase activity', 'metal ion binding', 'oxidoreductase activity', 'oxidoreductase activity, acting on the aldehyde or oxo group of donors, NAD or NADP as acceptor', 'phenylpyruvate decarboxylase activity', 'phosphotransferase activity, alcohol group as acceptor', 'pyruvate decarboxylase activity', 'thiamine pyrophosphate binding']","['L-phenylalanine catabolic process', 'NADH oxidation', 'NADPH regeneration', 'acetate biosynthetic process', 'amino acid catabolic process to alcohol via Ehrlich pathway', 'amino acid catabolic process via Ehrlich pathway', 'aromatic amino acid family catabolic process to alcohol via Ehrlich pathway', 'branched-chain amino acid catabolic process', 'carbohydrate phosphorylation', 'cellular glucose homeostasis', 'ethanol biosynthetic process involved in glucose fermentation to ethanol', 'ethanol catabolic process', 'ethanol metabolic process', 'fructose import', 'glucose 6-phosphate metabolic process', 'glucose import', 'glucose metabolic process', 'glycolytic fermentation to ethanol', 'glycolytic process', 'hexose metabolic process', 'mannose metabolic process', 'metabolic process', 'pyruvate metabolic process', 'regulation of viral genome replication', 'tryptophan catabolic process']",,['RPN11'],"['SPT7', 'TUP1', 'PDC2', 'INO2', 'SPT3', 'HSF1', 'CST6', 'ZAP1', 'MSN4', 'SFP1', 'MSN2', 'GCR2', 'RAP1', 'SIN4', 'SPT20', 'TYE7', 'GCR1']","['acetoin biosynthesis II', 'ethanol degradation', 'fructose degradation', 'glucose-6-phosphate biosynthesis', 'isoleucine degradation', 'leucine degradation', 'mannose degradation', 'phenylalanine degradation', 'tryptophan degradation', 'valine degradation']","['Zinc-binding dehydrogenase', 'Aldehyde dehydrogenase family', 'Thiamine pyrophosphate enzyme, central domain', 'Hexokinase', 'Thiamine pyrophosphate enzyme, C-terminal TPP binding domain', 'Thiamine pyrophosphate enzyme, N-terminal TPP binding domain', 'Hexokinase', 'Alcohol dehydrogenase GroES-like domain']"
superpathway of glutamate biosynthesis,4,"['YDL066W', 'YLR174W', 'YNL009W', 'YPR035W']",['high grade glioma'],,,"['NAD binding', 'isocitrate dehydrogenase (NADP+) activity', 'magnesium ion binding', 'oxidoreductase activity, acting on the CH-OH group of donors, NAD or NADP as acceptor']","['NADP metabolic process', 'glyoxylate cycle', 'isocitrate metabolic process', 'tricarboxylic acid cycle']",,,,,['Isocitrate/isopropylmalate dehydrogenase']
superpathway of glutathione metabolism (truncated &gamma;-glutamyl cycle),2,"['YFR044C', 'YLR299W']",,,,,['glutathione catabolic process'],,,,['glutathione degradation'],
"superpathway of histidine, purine, and pyrimidine biosynthesis",6,"['YBL068W', 'YER099C', 'YHL011C', 'YKL181W', 'YMR300C', 'YOL061W']",,,['ribose phosphate diphosphokinase complex'],"['kinase activity', 'magnesium ion binding', 'metal ion binding', 'ribose phosphate diphosphokinase activity', 'transferase activity']","['5-phosphoribose 1-diphosphate biosynthetic process', 'cellular biosynthetic process', 'fungal-type cell wall organization', 'nucleoside metabolic process', 'nucleotide biosynthetic process', 'phosphorylation', 'purine nucleotide biosynthetic process', 'ribonucleoside monophosphate biosynthetic process']",['budding: decreased'],"['PRS4', 'PRS2', 'PRS3', 'SLT2', 'PRS1', 'PRS5']",,,"['N-terminal domain of ribose phosphate pyrophosphokinase', 'Phosphoribosyl synthetase-associated domain']"
superpathway of purine biosynthesis and salvage pathways,1,['YOR155C'],,,,,,,,,,
superpathway of sulfur amino acid biosynthesis,1,['YNL277W'],,,,,,,,,,
tetrapyrrole biosynthesis,4,"['YDL205C', 'YDR232W', 'YGL040C', 'YOR278W']",,['HEM4'],,,"['heme biosynthetic process', 'porphyrin-containing compound biosynthetic process', 'protoporphyrinogen IX biosynthetic process', 'tetrapyrrole biosynthetic process']","['auxotrophy', 'chemical compound accumulation: absent', 'protein activity: absent', 'utilization of carbon source: absent']",,,,
thiamine biosynthesis,8,"['YDL244W', 'YFL058W', 'YJR156C', 'YNL332W', 'YOL055C', 'YOR143C', 'YPL214C', 'YPL258C']",,,,"['hydroxymethylpyrimidine kinase activity', 'phosphomethylpyrimidine kinase activity', 'thiaminase activity', 'transferase activity']","['thiamine biosynthetic process', 'thiamine diphosphate biosynthetic process', 'thiamine metabolic process']",,,"['THI2', 'PDC2']",,['NMT1/THI5 like']
thioredoxin system,2,"['YDR353W', 'YHR106W']",,,,['thioredoxin-disulfide reductase activity'],['removal of superoxide radicals'],,['TRR2'],,,['Pyridine nucleotide-disulphide oxidoreductase']
threonine biosynthesis,2,"['YCR053W', 'YHR025W']",,"['GLY1', 'AGX1', 'PCC1']",,,['threonine biosynthetic process'],,,,,
threonine degradation,2,"['YAL012W', 'YCL064C']",,,,,,,,,,
trehalose biosynthesis,2,"['YBR126C', 'YDR074W']",,,"['alpha,alpha-trehalose-phosphate synthase complex (UDP-forming)']",['trehalose-phosphatase activity'],"['trehalose biosynthetic process', 'trehalose metabolism in response to stress']",,,,,['Glycosyltransferase family 20']
trehalose degradation,2,"['YDR001C', 'YPR026W']",,,,"['alpha,alpha-trehalase activity']",['trehalose catabolic process'],,,,,
triglyceride biosynthesis,6,"['YBL011W', 'YDL052C', 'YKR067W', 'YMR165C', 'YNR008W', 'YOR245C']",,"['ARE1', 'PAH1']","['endoplasmic reticulum', 'endoplasmic reticulum membrane', 'lipid particle']","['glycerol-3-phosphate O-acyltransferase activity', 'glycerone-phosphate O-acyltransferase activity', 'sn-1-glycerol-3-phosphate C16:0-DCA-CoA acyl transferase activity', 'transferase activity, transferring acyl groups']","['CDP-diacylglycerol biosynthetic process', 'ceramide metabolic process', 'lipid metabolic process', 'lipid storage', 'phospholipid biosynthetic process', 'triglyceride biosynthetic process']",,['RER2'],,"['phosphatidate biosynthesis I (the dihydroxyacetone pathway)', 'phosphatidate biosynthesis II (the glycerol-3-phosphate pathway)']",['Acyltransferase']
tryptophan biosynthesis,5,"['YDR007W', 'YDR354W', 'YER090W', 'YGL026C', 'YKL211C']",,['TAT2'],['anthranilate synthase complex'],['anthranilate synthase activity'],"['aromatic amino acid family biosynthetic process', 'cellular amino acid biosynthetic process', 'tryptophan biosynthetic process', 'tryptophan metabolic process']","['alkaline pH resistance: decreased', 'auxotrophy', 'innate thermotolerance: increased', 'utilization of nitrogen source: absent']",,['GCN4'],,
tryptophan degradation,12,"['YBR145W', 'YDL168W', 'YDR380W', 'YGL202W', 'YGL256W', 'YGR087C', 'YHR137W', 'YLR044C', 'YLR134W', 'YMR083W', 'YMR303C', 'YOL086C']",,"['ADH5', 'SFA1', 'ADH4', 'ADH3', 'ADH2', 'ADH1']",['replication compartment'],"['2-aminoadipate transaminase activity', 'L-phenylalanine:2-oxoglutarate aminotransferase activity', 'alcohol dehydrogenase (NAD) activity', 'aromatic-amino-acid:2-oxoglutarate aminotransferase activity', 'branched-chain-2-oxoacid decarboxylase activity', 'carboxy-lyase activity', 'catalytic activity', 'indolepyruvate decarboxylase activity', 'lyase activity', 'magnesium ion binding', 'metal ion binding', 'oxidoreductase activity', 'phenylpyruvate decarboxylase activity', 'pyruvate decarboxylase activity', 'thiamine pyrophosphate binding', 'zinc ion binding']","['L-phenylalanine biosynthetic process', 'L-phenylalanine catabolic process', 'NADH oxidation', 'alpha-amino acid metabolic process', 'amino acid catabolic process to alcohol via Ehrlich pathway', 'amino acid catabolic process via Ehrlich pathway', 'aromatic amino acid family catabolic process', 'aromatic amino acid family catabolic process to alcohol via Ehrlich pathway', 'aromatic amino acid family metabolic process', 'branched-chain amino acid catabolic process', 'ethanol biosynthetic process involved in glucose fermentation to ethanol', 'ethanol metabolic process', 'glycolytic fermentation to ethanol', 'regulation of viral genome replication', 'tryptophan catabolic process', 'tyrosine biosynthetic process']",,,"['SPT7', 'TUP1', 'PDC2', 'CST6', 'MSN4', 'CAT8', 'RAP1', 'SIN4', 'SPT20']","['acetoin biosynthesis II', 'ethanol degradation', 'isoleucine degradation', 'leucine degradation', 'methionine salvage pathway', 'phenylalanine biosynthesis', 'phenylalanine degradation', 'superpathway of glucose fermentation', 'tyrosine biosynthesis', 'tyrosine degradation', 'valine degradation']","['Zinc-binding dehydrogenase', 'Thiamine pyrophosphate enzyme, central domain', 'Thiamine pyrophosphate enzyme, C-terminal TPP binding domain', 'Thiamine pyrophosphate enzyme, N-terminal TPP binding domain', 'Alcohol dehydrogenase GroES-like domain']"
tryptophan degradation via kynurenine,6,"['YBL098W', 'YDR428C', 'YFR047C', 'YJR025C', 'YJR078W', 'YLR231C']",,"['LYS20', 'LYS4', 'TNA1', 'LYS12', 'GAP1', 'LYP1', 'NPT1']",,,"[""'de novo' NAD biosynthetic process from tryptophan"", 'NAD biosynthetic process', 'anthranilate metabolic process', 'pyridine nucleotide biosynthetic process', 'quinolinate biosynthetic process', 'tryptophan catabolic process', 'tryptophan catabolic process to kynurenine']",,,"['HCM1', 'SUM1', 'CDC73']",,
tyrosine biosynthesis,4,"['YBR166C', 'YGL202W', 'YHR137W', 'YPR060C']",,,,"['2-aminoadipate transaminase activity', 'L-phenylalanine:2-oxoglutarate aminotransferase activity', 'aromatic-amino-acid:2-oxoglutarate aminotransferase activity']","['L-methionine salvage from methylthioadenosine', 'L-phenylalanine biosynthetic process', 'alpha-amino acid metabolic process', 'aromatic amino acid family biosynthetic process', 'aromatic amino acid family catabolic process', 'aromatic amino acid family metabolic process', 'lysine biosynthetic process via aminoadipic acid', 'tyrosine biosynthetic process']",,,,"['methionine salvage pathway', 'phenylalanine biosynthesis', 'phenylalanine degradation', 'tryptophan degradation', 'tyrosine degradation']",
tyrosine degradation,2,"['YGL202W', 'YHR137W']",,,,"['2-aminoadipate transaminase activity', 'L-phenylalanine:2-oxoglutarate aminotransferase activity', 'aromatic-amino-acid:2-oxoglutarate aminotransferase activity', 'transaminase activity']","['L-methionine salvage from methylthioadenosine', 'L-phenylalanine biosynthetic process', 'alpha-amino acid metabolic process', 'aromatic amino acid family catabolic process', 'aromatic amino acid family metabolic process', 'biosynthetic process', 'lysine biosynthetic process via aminoadipic acid', 'tyrosine biosynthetic process']",,,,"['methionine salvage pathway', 'phenylalanine biosynthesis', 'phenylalanine degradation', 'tryptophan degradation', 'tyrosine biosynthesis']",['Aminotransferase class I and II']
ubiquinone biosynthesis from 4-hydroxybenzoate,5,"['YGR255C', 'YML110C', 'YNR041C', 'YOL096C', 'YOR125C']",['coenzyme Q10 deficiency disease'],['COQ8'],"['extrinsic component of mitochondrial inner membrane', 'mitochondrial inner membrane']","['oxidoreductase activity, acting on paired donors, with incorporation or reduction of molecular oxygen, NAD(P)H as one donor, and incorporation of one atom of oxygen']",['ubiquinone biosynthetic process'],"['respiratory growth: absent', 'respiratory growth: decreased rate', 'utilization of carbon source: decreased rate']","['COQ4', 'COQ6', 'COQ9', 'COQ11', 'COQ5', 'COQ3']",,,
valine biosynthesis,6,"['YCL009C', 'YHR208W', 'YJR016C', 'YJR148W', 'YLR355C', 'YMR108W']",,"['ILV6', 'BAT2', 'ILV2']",['acetolactate synthase complex'],"['L-isoleucine transaminase activity', 'L-leucine transaminase activity', 'L-valine transaminase activity', 'acetolactate synthase activity', 'branched-chain-amino-acid transaminase activity']","['L-methionine salvage from methylthioadenosine', 'branched-chain amino acid biosynthetic process', 'branched-chain amino acid catabolic process', 'branched-chain amino acid metabolic process', 'cellular amino acid biosynthetic process', 'isoleucine biosynthetic process', 'leucine biosynthetic process', 'valine biosynthetic process']",,"['RPN11', 'BAT1']","['REB1', 'GCN4', 'HSF1', 'CST6', 'BAS1', 'LEU3', 'SIN4']","['acetoin biosynthesis', 'isoleucine biosynthesis', 'isoleucine degradation', 'leucine biosynthesis', 'leucine degradation', 'methionine salvage pathway', 'valine degradation']",['Amino-transferase class IV']
valine degradation,11,"['YBR145W', 'YDL168W', 'YGL256W', 'YGR087C', 'YHR208W', 'YJR148W', 'YLR044C', 'YLR134W', 'YMR083W', 'YMR303C', 'YOL086C']",,"['ADH5', 'SFA1', 'ADH4', 'ADH3', 'ILV2', 'ADH2', 'GPD2', 'ADH1']",['replication compartment'],"['L-isoleucine transaminase activity', 'L-leucine transaminase activity', 'L-valine transaminase activity', 'alcohol dehydrogenase (NAD) activity', 'branched-chain-2-oxoacid decarboxylase activity', 'branched-chain-amino-acid transaminase activity', 'carboxy-lyase activity', 'catalytic activity', 'indolepyruvate decarboxylase activity', 'metal ion binding', 'oxidoreductase activity', 'phenylpyruvate decarboxylase activity', 'pyruvate decarboxylase activity', 'thiamine pyrophosphate binding', 'zinc ion binding']","['L-phenylalanine catabolic process', 'NADH oxidation', 'amino acid catabolic process to alcohol via Ehrlich pathway', 'amino acid catabolic process via Ehrlich pathway', 'aromatic amino acid family catabolic process to alcohol via Ehrlich pathway', 'branched-chain amino acid catabolic process', 'branched-chain amino acid metabolic process', 'ethanol biosynthetic process involved in glucose fermentation to ethanol', 'ethanol metabolic process', 'glycolytic fermentation to ethanol', 'regulation of viral genome replication', 'tryptophan catabolic process', 'valine biosynthetic process']",,,"['TUP1', 'PDC2', 'CST6', 'SFP1', 'RAP1', 'SIN4', 'SPT20', 'GCR1']","['acetoin biosynthesis II', 'ethanol degradation', 'isoleucine biosynthesis', 'isoleucine degradation', 'leucine biosynthesis', 'leucine degradation', 'methionine salvage pathway', 'phenylalanine degradation', 'superpathway of glucose fermentation', 'tryptophan degradation', 'valine biosynthesis']","['Zinc-binding dehydrogenase', 'Thiamine pyrophosphate enzyme, central domain', 'Amino-transferase class IV', 'Thiamine pyrophosphate enzyme, C-terminal TPP binding domain', 'Thiamine pyrophosphate enzyme, N-terminal TPP binding domain', 'Alcohol dehydrogenase GroES-like domain']"
very long chain fatty acid biosynthesis,5,"['YBR159W', 'YCR034W', 'YDL015C', 'YJL097W', 'YLR372W']",,"['IFA38', 'ELO2', 'DPL1', 'COS8', 'LCB3']","['endoplasmic reticulum', 'endoplasmic reticulum membrane', 'integral component of endoplasmic reticulum membrane']","['fatty acid elongase activity', 'very-long-chain 3-ketoacyl-CoA synthase activity']","['fatty acid biosynthetic process', 'fatty acid elongation', 'fatty acid elongation, monounsaturated fatty acid', 'fatty acid elongation, polyunsaturated fatty acid', 'fatty acid elongation, saturated fatty acid', 'fatty acid metabolic process', 'lipid metabolic process', 'sphingolipid biosynthetic process', 'very long-chain fatty acid biosynthetic process']",,"['YAR028W', 'CSG2', 'YRO2', 'TAT1', 'ALG1', 'YPC1', 'SSH1', 'BSD2', 'MAL31', 'AGP1', 'TSC13', 'MCH1', 'YDL206W', 'BAP3', 'SUR2', 'PMT7', 'GPI8', 'ERD1', 'NHX1', 'WBP1', 'PMP2', 'CAN1', 'EMP47', 'COS4', 'EMP24', 'ERG25', 'HIP1', 'TNA1', 'MAL11', 'COS6', 'YHL042W', 'COS8', 'VMA16', 'ERP5', 'EPT1', 'NSG1', 'YHR140W', 'CHS7', 'SEC11', 'PHO86', 'ELO1', 'HXT8', 'HXT9', 'VTH2', 'SPC1', 'YJR015W', 'COS5', 'LAC1', 'MCD4', 'SAC1', 'TPO1', 'MMP1', 'THI73', 'CSC1', 'GSF2', 'FET3', 'SWP1', 'GAS3', 'ALG11', 'AVT4', 'GAS4', 'HXT11', 'GPI2', 'YPL264C', 'SAM3', 'TPO3', 'OPT2']",,,['GNS1/SUR4 family']
xylose metabolism,2,"['YHR104W', 'YLR070C']",,,,,,,,,,
xylulose degradation,1,['YGR194C'],,,,,,,,,,
